<?xml version="1.0" encoding="UTF-8"?>

<Bundle xmlns="http://hl7.org/fhir">
  <id value="750a147b-d952-4532-a4ae-954733d15e1a"/>
  <meta>
    <lastUpdated value="2018-10-22T10:57:20.001-04:00"/>
  </meta>
  <type value="collection"/>
  <entry>
    <fullUrl value="http://fhir.org/guides/argonaut-clinicalnotes/ValueSet/documentreference-category"/>
    <resource>
      <ValueSet>
        <id value="documentreference-category"/>
        <text>
          <status value="generated"/>
          <div xmlns="http://www.w3.org/1999/xhtml">
            <p>This value set contains 2 concepts</p>
            <p style="border: black 1px dotted; background-color: #EEEEEE; padding: 8px">Expansion based on http://fhir.org/guides/argonaut-clinicalnotes/CodeSystem/documentreference-category version 0.0.0</p>
            <p>All codes from system 
              <a href="CodeSystem-documentreference-category.html">
                <code>http://fhir.org/guides/argonaut-clinicalnotes/CodeSystem/documentreference-category</code>
              </a>
            </p>
            <table class="codes">
              <tr>
                <td style="white-space:nowrap">
                  <b>Code</b>
                </td>
                <td>
                  <b>Display</b>
                </td>
                <td>
                  <b>Definition</b>
                </td>
              </tr>
              <tr>
                <td style="white-space:nowrap">
                  <a name="http---fhir.org-guides-argonaut-clinicalnotes-CodeSystem-documentreference-category-cinical-note"> </a>
                  <a href="CodeSystem-documentreference-category.html#documentreference-category-cinical-note">cinical-note</a>
                </td>
                <td>Clinical Note</td>
                <td>Part of a medical record where healthcare professionals record details to document a patient&#39;s clinical status or achievements during the course of a hospitalization or over the course of outpatient care ( [Wikipedia](https://en.wikipedia.org/wiki/Progress_note))</td>
              </tr>
              <tr>
                <td style="white-space:nowrap">
                  <a name="http---fhir.org-guides-argonaut-clinicalnotes-CodeSystem-documentreference-category-other"> </a>
                  <a href="CodeSystem-documentreference-category.html#documentreference-category-other">other</a>
                </td>
                <td>Other</td>
                <td>Indicates that the category is not covered by one of the pre-defined codes.</td>
              </tr>
            </table>
          </div>
        </text>
        <url value="http://fhir.org/guides/argonaut-clinicalnotes/ValueSet/documentreference-category"/>
        <version value="0.0.0"/>
        <name value="Argonaut DocumentReference Category Codes"/>
        <title value="Argonaut DocumentReferences Category Value Set"/>
        <status value="draft"/>
        <date value="2018-05-02T11:16:34-04:00"/>
        <description value="The Argonaut DocumentReferences Type Value Set is a &#39;starter set&#39; of categories supported for fetching and storing clinical notes."/>
        <jurisdiction>
          <coding>
            <system value="urn:iso:std:iso:3166"/>
            <code value="US"/>
            <display value="United States of America"/>
          </coding>
        </jurisdiction>
        <expansion>
          <identifier value="urn:uuid:67ea935b-675a-40fb-8da9-dc198718d5cb"/>
          <timestamp value="2018-10-22T10:57:25-04:00"/>
          <total value="2"/>
          <parameter>
            <name value="excludeNested"/>
            <valueBoolean value="false"/>
          </parameter>
          <parameter>
            <name value="version"/>
            <valueUri value="http://fhir.org/guides/argonaut-clinicalnotes/CodeSystem/documentreference-category|0.0.0"/>
          </parameter>
          <contains>
            <system value="http://fhir.org/guides/argonaut-clinicalnotes/CodeSystem/documentreference-category"/>
            <code value="cinical-note"/>
            <display value="Clinical Note"/>
          </contains>
          <contains>
            <system value="http://fhir.org/guides/argonaut-clinicalnotes/CodeSystem/documentreference-category"/>
            <code value="other"/>
            <display value="Other"/>
          </contains>
        </expansion>
      </ValueSet>
    </resource>
  </entry>
</Bundle>