{"resourceType":"ImplementationGuide","id":"ig","text":{"status":"generated","div":"<div xmlns=\"http://www.w3.org/1999/xhtml\"><h2>Argonaut Clinical Notes</h2><p>The official URL for this implementation guide is: </p><pre>http://fhir.org/guides/argonaut-clinicalnotes/ImplementationGuide/ig</pre></div>"},"url":"http://fhir.org/guides/argonaut-clinicalnotes/ImplementationGuide/ig","version":"0.0.0","name":"Argonaut Clinical Notes","status":"draft","experimental":true,"publisher":"Argonaut Project","fhirVersion":"3.0.1","package":[{"id":"p1","name":"base","resource":[{"extension":[{"url":"http://hl7.org/fhir/StructureDefinition/implementationguide-page","valueUri":"ValueSet-argonaut-clinical-note-type.html"}],"example":false,"sourceReference":{"reference":"ValueSet/argonaut-clinical-note-type"}},{"extension":[{"url":"http://hl7.org/fhir/StructureDefinition/implementationguide-page","valueUri":"ValueSet-documentreference-category.html"}],"example":false,"sourceReference":{"reference":"ValueSet/documentreference-category"}},{"extension":[{"url":"http://hl7.org/fhir/StructureDefinition/implementationguide-page","valueUri":"ValueSet-diagnosticreport-category.html"}],"example":false,"sourceReference":{"reference":"ValueSet/diagnosticreport-category"}},{"extension":[{"url":"http://hl7.org/fhir/StructureDefinition/implementationguide-page","valueUri":"StructureDefinition-cn-plus-uscore.html"}],"example":false,"sourceReference":{"reference":"StructureDefinition/cn-plus-uscore"}},{"extension":[{"url":"http://hl7.org/fhir/StructureDefinition/implementationguide-page","valueUri":"StructureDefinition-example-dr.html"}],"example":false,"sourceReference":{"reference":"StructureDefinition/example-dr"}},{"extension":[{"url":"http://hl7.org/fhir/StructureDefinition/implementationguide-page","valueUri":"StructureDefinition-argo-clinicalnotes.html"}],"example":false,"sourceReference":{"reference":"StructureDefinition/argo-clinicalnotes"}},{"extension":[{"url":"http://hl7.org/fhir/StructureDefinition/implementationguide-page","valueUri":"StructureDefinition-argo-diagnosticreport.html"}],"example":false,"sourceReference":{"reference":"StructureDefinition/argo-diagnosticreport"}},{"extension":[{"url":"http://hl7.org/fhir/StructureDefinition/implementationguide-page","valueUri":"CodeSystem-documentreference-category.html"}],"example":false,"sourceReference":{"reference":"CodeSystem/documentreference-category"}},{"extension":[{"url":"http://hl7.org/fhir/StructureDefinition/implementationguide-page","valueUri":"CapabilityStatement-server.html"}],"example":false,"sourceReference":{"reference":"CapabilityStatement/server"}},{"extension":[{"url":"http://hl7.org/fhir/StructureDefinition/implementationguide-page","valueUri":"CapabilityStatement-client.html"}],"example":false,"sourceReference":{"reference":"CapabilityStatement/client"}}]}],"page":{"source":"index.md","title":"Argonaut Clinical Notes Homepage","kind":"page","page":[{"source":"_includes/toc.md","title":"Argonaut Clinical Notes Table of Contents","kind":"page"}]}}