<?xml version="1.0" encoding="UTF-8"?>

<CapabilityStatement xmlns="http://hl7.org/fhir">
  <id value="client"/>
  <text>
    <status value="generated"/><div xmlns="http://www.w3.org/1999/xhtml">
<ul><li>FHIR Version: 3.0.0</li><li>Supported formats: xml, json</li><li>Published: 2017-03-08</li><li>Published by: Health eData Inc</li></ul><p>The Section describes the expected capabilities etc....</p></div>
  </text>
  <url value="http://www.fhir.org/guides/test3/CapabilityStatement/client"/>
  <version value="0.0.0"/>
  <name value="Client"/>
  <status value="draft"/>
  <date value="2017-03-08T00:00:00-08:00"/>
  <publisher value="Health eData Inc"/>
  <contact>
    <telecom>
      <system value="other"/>
      <value value="ehaas@healthedatainc.com"/>
    </telecom>
  </contact>
  <description value="This resource defines the expected capabilities "/>
  <jurisdiction>
    <coding>
      <system value="urn:iso:std:iso:3166"/>
      <code value="US"/>
      <display value="United States of America"/>
    </coding>
  </jurisdiction>
  <kind value="requirements"/>
  <fhirVersion value="3.0.0"/>
  <format value="xml"/>
  <format value="json"/>
  <rest>
    <mode value="client"/>
    <resource>
      <type value="Basic"/>
      <interaction>
        <extension url="http://hl7.org/fhir/StructureDefinition/capabilitystatement-expectation">
          <valueCode value="SHOULD"/>
        </extension>
        <code value="search-type"/>
      </interaction>
      <interaction>
        <extension url="http://hl7.org/fhir/StructureDefinition/capabilitystatement-expectation">
          <valueCode value="SHOULD"/>
        </extension>
        <code value="read"/>
      </interaction>
      <interaction>
        <extension url="http://hl7.org/fhir/StructureDefinition/capabilitystatement-expectation">
          <valueCode value="SHOULD"/>
        </extension>
        <code value="history-instance"/>
      </interaction>
      <interaction>
        <extension url="http://hl7.org/fhir/StructureDefinition/capabilitystatement-expectation">
          <valueCode value="SHOULD"/>
        </extension>
        <code value="vread"/>
      </interaction>
    </resource>
  </rest>
</CapabilityStatement>