<?xml version="1.0" encoding="UTF-8"?>

<Encounter xmlns="http://hl7.org/fhir">
  <id value="example-1"/>
  <meta>
    <lastUpdated value="2017-05-26T11:56:57.250-04:00"/>
    <profile value="http://hl7.org/fhir/us/core/StructureDefinition/us-core-encounter"/>
  </meta>
  <text>
    <status value="generated"/><div xmlns="http://www.w3.org/1999/xhtml"><p><b>Generated Narrative with Details</b></p><p><b>id</b>: example-1</p><p><b>meta</b>: </p><p><b>status</b>: finished</p><p><b>class</b>: outpatient (Details: http://hl7.org/fhir/v3/ActCode code outpatient = 'outpatient', stated as 'outpatient')</p><p><b>type</b>: Office Visit <span style="background: LightGoldenRodYellow">(Details : {http://www.ama-assn.org/go/cpt code '99201' = '99201)</span></p><p><b>subject</b>: <a href="Patient-example.html">Patient/example</a></p><p><b>period</b>: Nov 1, 2015, 2:00:14 PM --&gt; Nov 1, 2015, 3:00:14 PM</p></div>
  </text>
  <status value="finished"/>
  <class>
    <system value="http://hl7.org/fhir/v3/ActCode"/>
    <code value="outpatient"/>
    <display value="outpatient"/>
  </class>
  <type>
    <coding>
      <system value="http://www.ama-assn.org/go/cpt"/>
      <code value="99201"/>
    </coding>
    <text value="Office Visit"/>
  </type>
  <subject>
    <reference value="Patient/example"/>
  </subject>
  <period>
    <start value="2015-11-01T17:00:14-05:00"/>
    <end value="2015-11-01T18:00:14-05:00"/>
  </period>
</Encounter>