<?xml version="1.0" encoding="UTF-8"?>

<Observation xmlns="http://hl7.org/fhir">
  <id value="foofoo"/>
  <meta>
    <profile value="http://www.fhir.org/guides/test3/StructureDefinition/obs"/>
  </meta>
  <text>
    <status value="generated"/><div xmlns="http://www.w3.org/1999/xhtml"><p><b>Generated Narrative with Details</b></p><p><b>id</b>: foofoo</p><p><b>meta</b>: </p><p><b>status</b>: final</p><p><b>category</b>: Foo <span style="background: LightGoldenRodYellow">(Details : {http://acme.com code 'foo' = 'foo', given as 'Foo'})</span></p><p><b>code</b>: Oxygen saturation in Arterial blood by Pulse oximetry <span style="background: LightGoldenRodYellow">(Details : {LOINC code '81260-2' = '81260-2', given as 'Oxygen saturation in Arterial blood by Pulse oximetry'})</span></p><p><b>subject</b>: <a href="Patient/example">Patient/example</a></p><p><b>effective</b>: Dec 5, 2014 9:30:10 AM</p><p><b>value</b>: 95 %<span style="background: LightGoldenRodYellow"> (Details: UCUM code % = '%')</span></p></div>
  </text>
  <status value="final"/>
  <category>
    <coding>
      <system value="http://acme.com"/>
      <code value="foo"/>
      <display value="Foo"/>
    </coding>
    <text value="Foo"/>
  </category>
  <code>
    <coding>
      <system value="http://loinc.org"/>
      <code value="81260-2"/>
      <display value="Oxygen saturation in Arterial blood by Pulse oximetry"/>
    </coding>
  </code>
  <subject>
    <reference value="Patient/example"/>
  </subject>
  <effectiveDateTime value="2014-12-05T09:30:10+01:00"/>
  <valueQuantity>
    <value value="95"/>
    <unit value="%"/>
    <system value="http://unitsofmeasure.org"/>
    <code value="%"/>
  </valueQuantity>
</Observation>