<?xml version="1.0" encoding="UTF-8"?><StructureDefinition xmlns="http://hl7.org/fhir"><id value="argo-diagnosticreport"/><text><status value="generated"/><div xmlns="http://www.w3.org/1999/xhtml"><table border="0" cellpadding="0" cellspacing="0" style="border: 0px #F0F0F0 solid; font-size: 11px; font-family: verdana; vertical-align: top;"><tr style="border: 1px #F0F0F0 solid; font-size: 11px; font-family: verdana; vertical-align: top;"><th style="vertical-align: top; text-align : left; background-color: white; border: 0px #F0F0F0 solid; padding:0px 4px 0px 4px" class="hierarchy"><a href="http://hl7.org/fhir/STU3/formats.html#table" title="The logical name of the element">Name</a></th><th style="vertical-align: top; text-align : left; background-color: white; border: 0px #F0F0F0 solid; padding:0px 4px 0px 4px" class="hierarchy"><a href="http://hl7.org/fhir/STU3/formats.html#table" title="Information about the use of the element">Flags</a></th><th style="vertical-align: top; text-align : left; background-color: white; border: 0px #F0F0F0 solid; padding:0px 4px 0px 4px" class="hierarchy"><a href="http://hl7.org/fhir/STU3/formats.html#table" title="Minimum and Maximum # of times the the element can appear in the instance">Card.</a></th><th style="width: 100px" class="hierarchy"><a href="http://hl7.org/fhir/STU3/formats.html#table" title="Reference to the type of the element">Type</a></th><th style="vertical-align: top; text-align : left; background-color: white; border: 0px #F0F0F0 solid; padding:0px 4px 0px 4px" class="hierarchy"><a href="http://hl7.org/fhir/STU3/formats.html#table" title="Additional information about the element">Description &amp; Constraints</a><span style="float: right"><a href="http://hl7.org/fhir/STU3/formats.html#table" title="Legend for this format"><img src="http://hl7.org/fhir/STU3/help16.png" alt="doco" style="background-color: inherit"/></a></span></th></tr><tr style="border: 0px #F0F0F0 solid; padding:0px; vertical-align: top; background-color: white;"><td style="vertical-align: top; text-align : left; background-color: white; border: 0px #F0F0F0 solid; padding:0px 4px 0px 4px; white-space: nowrap; background-image: url(tbl_bck1.png)" class="hierarchy"><img src="tbl_spacer.png" alt="." style="background-color: inherit" class="hierarchy"/><img src="icon_element.gif" alt="." style="background-color: white; background-color: inherit" title="Element" class="hierarchy"/> <a href="StructureDefinition-argo-diagnosticreport-definitions.html#DiagnosticReport" title="The US Core Diagnostic Report Profile is based upon the requirements of the Argonauts to exchang imaging reports.">DiagnosticReport</a><a name="DiagnosticReport"> </a></td><td style="vertical-align: top; text-align : left; background-color: white; border: 0px #F0F0F0 solid; padding:0px 4px 0px 4px" class="hierarchy"/><td style="vertical-align: top; text-align : left; background-color: white; border: 0px #F0F0F0 solid; padding:0px 4px 0px 4px" class="hierarchy"><span style="opacity: 0.4">0</span><span style="opacity: 0.5">..</span><span style="opacity: 0.4">*</span></td><td style="vertical-align: top; text-align : left; background-color: white; border: 0px #F0F0F0 solid; padding:0px 4px 0px 4px" class="hierarchy"/><td style="vertical-align: top; text-align : left; background-color: white; border: 0px #F0F0F0 solid; padding:0px 4px 0px 4px" class="hierarchy">Argonaut Diagnostic Report Profile for Imaging</td></tr>
<tr style="border: 0px #F0F0F0 solid; padding:0px; vertical-align: top; background-color: white;"><td style="vertical-align: top; text-align : left; background-color: white; border: 0px #F0F0F0 solid; padding:0px 4px 0px 4px; white-space: nowrap; background-image: url(tbl_bck10.png)" class="hierarchy"><img src="tbl_spacer.png" alt="." style="background-color: inherit" class="hierarchy"/><img src="tbl_vjoin.png" alt="." style="background-color: inherit" class="hierarchy"/><img src="icon_primitive.png" alt="." style="background-color: white; background-color: inherit" title="Primitive Data Type" class="hierarchy"/> <a href="StructureDefinition-argo-diagnosticreport-definitions.html#DiagnosticReport.status" title="null">status</a><a name="DiagnosticReport.status"> </a></td><td style="vertical-align: top; text-align : left; background-color: white; border: 0px #F0F0F0 solid; padding:0px 4px 0px 4px" class="hierarchy"><span style="padding-left: 3px; padding-right: 3px; color: white; background-color: red" title="This element must be supported">S</span><span style="padding-left: 3px; padding-right: 3px; color: black; background-color: white" title="This element has or is affected by some invariants">I</span></td><td style="vertical-align: top; text-align : left; background-color: white; border: 0px #F0F0F0 solid; padding:0px 4px 0px 4px" class="hierarchy"><span style="opacity: 0.4">1</span><span style="opacity: 0.5">..</span><span style="opacity: 0.4">1</span></td><td style="vertical-align: top; text-align : left; background-color: white; border: 0px #F0F0F0 solid; padding:0px 4px 0px 4px" class="hierarchy"><a style="opacity: 0.4" href="http://hl7.org/fhir/STU3/datatypes.html#code">code</a></td><td style="vertical-align: top; text-align : left; background-color: white; border: 0px #F0F0F0 solid; padding:0px 4px 0px 4px" class="hierarchy"><span style="font-weight:bold">Binding: </span><a href="http://hl7.org/fhir/STU3/valueset-diagnostic-report-status.html">DiagnosticReportStatus</a> (<a href="http://hl7.org/fhir/STU3/terminologies.html#required" title="To be conformant, the concept in this element SHALL be from the specified value set.">required</a>)<br/><span style="font-weight:bold">DiagnosticReport-1: </span>When DiagnosticReport.status is final/amended/corrected/appended, the presentedForm, conclusion or codedDiagnosis must be present</td></tr>
<tr style="border: 0px #F0F0F0 solid; padding:0px; vertical-align: top; background-color: white;"><td style="vertical-align: top; text-align : left; background-color: white; border: 0px #F0F0F0 solid; padding:0px 4px 0px 4px; white-space: nowrap; background-image: url(tbl_bck10.png)" class="hierarchy"><img src="tbl_spacer.png" alt="." style="background-color: inherit" class="hierarchy"/><img src="tbl_vjoin.png" alt="." style="background-color: inherit" class="hierarchy"/><img src="icon_datatype.gif" alt="." style="background-color: white; background-color: inherit" title="Data Type" class="hierarchy"/> <a href="StructureDefinition-argo-diagnosticreport-definitions.html#DiagnosticReport.category" title="null">category</a><a name="DiagnosticReport.category"> </a></td><td style="vertical-align: top; text-align : left; background-color: white; border: 0px #F0F0F0 solid; padding:0px 4px 0px 4px" class="hierarchy"><span style="padding-left: 3px; padding-right: 3px; color: white; background-color: red" title="This element must be supported">S</span></td><td style="vertical-align: top; text-align : left; background-color: white; border: 0px #F0F0F0 solid; padding:0px 4px 0px 4px" class="hierarchy">1..1</td><td style="vertical-align: top; text-align : left; background-color: white; border: 0px #F0F0F0 solid; padding:0px 4px 0px 4px" class="hierarchy"><a style="opacity: 0.4" href="http://hl7.org/fhir/STU3/datatypes.html#CodeableConcept">CodeableConcept</a></td><td style="vertical-align: top; text-align : left; background-color: white; border: 0px #F0F0F0 solid; padding:0px 4px 0px 4px" class="hierarchy"><span style="font-weight:bold">Binding: </span><a href="ValueSet-diagnosticreport-category.html">Argonaut DiagnosticReport Category Value Set</a> (<a href="http://hl7.org/fhir/STU3/terminologies.html#extensible" title="To be conformant, the concept in this element SHALL be from the specified value set if any of the codes within the value set can apply to the concept being communicated.  If the value set does not cover the concept (based on human review), alternate codings (or, data type allowing, text) may be included instead.">extensible</a>)</td></tr>
<tr style="border: 0px #F0F0F0 solid; padding:0px; vertical-align: top; background-color: white;"><td style="vertical-align: top; text-align : left; background-color: white; border: 0px #F0F0F0 solid; padding:0px 4px 0px 4px; white-space: nowrap; background-image: url(tbl_bck10.png)" class="hierarchy"><img src="tbl_spacer.png" alt="." style="background-color: inherit" class="hierarchy"/><img src="tbl_vjoin.png" alt="." style="background-color: inherit" class="hierarchy"/><img src="icon_datatype.gif" alt="." style="background-color: white; background-color: inherit" title="Data Type" class="hierarchy"/> <a href="StructureDefinition-argo-diagnosticreport-definitions.html#DiagnosticReport.code" title="The test, panel, report, or note that was ordered.">code</a><a name="DiagnosticReport.code"> </a></td><td style="vertical-align: top; text-align : left; background-color: white; border: 0px #F0F0F0 solid; padding:0px 4px 0px 4px" class="hierarchy"><span style="padding-left: 3px; padding-right: 3px; color: white; background-color: red" title="This element must be supported">S</span></td><td style="vertical-align: top; text-align : left; background-color: white; border: 0px #F0F0F0 solid; padding:0px 4px 0px 4px" class="hierarchy"><span style="opacity: 0.4">1</span><span style="opacity: 0.5">..</span><span style="opacity: 0.4">1</span></td><td style="vertical-align: top; text-align : left; background-color: white; border: 0px #F0F0F0 solid; padding:0px 4px 0px 4px" class="hierarchy"><a style="opacity: 0.4" href="http://hl7.org/fhir/STU3/datatypes.html#CodeableConcept">CodeableConcept</a></td><td style="vertical-align: top; text-align : left; background-color: white; border: 0px #F0F0F0 solid; padding:0px 4px 0px 4px" class="hierarchy">US Core Report Code<br/><span style="font-weight:bold">Binding: </span><a href="http://hl7.org/fhir/STU3/valueset-report-codes.html">LOINC Diagnostic Report Codes</a> (<a href="http://hl7.org/fhir/STU3/terminologies.html#extensible" title="To be conformant, the concept in this element SHALL be from the specified value set if any of the codes within the value set can apply to the concept being communicated.  If the value set does not cover the concept (based on human review), alternate codings (or, data type allowing, text) may be included instead.">extensible</a>)</td></tr>
<tr style="border: 0px #F0F0F0 solid; padding:0px; vertical-align: top; background-color: white;"><td style="vertical-align: top; text-align : left; background-color: white; border: 0px #F0F0F0 solid; padding:0px 4px 0px 4px; white-space: nowrap; background-image: url(tbl_bck10.png)" class="hierarchy"><img src="tbl_spacer.png" alt="." style="background-color: inherit" class="hierarchy"/><img src="tbl_vjoin.png" alt="." style="background-color: inherit" class="hierarchy"/><img src="icon_reference.png" alt="." style="background-color: white; background-color: inherit" title="Reference to another Resource" class="hierarchy"/> <a href="StructureDefinition-argo-diagnosticreport-definitions.html#DiagnosticReport.subject" title="null">subject</a><a name="DiagnosticReport.subject"> </a></td><td style="vertical-align: top; text-align : left; background-color: white; border: 0px #F0F0F0 solid; padding:0px 4px 0px 4px" class="hierarchy"><span style="padding-left: 3px; padding-right: 3px; color: white; background-color: red" title="This element must be supported">S</span></td><td style="vertical-align: top; text-align : left; background-color: white; border: 0px #F0F0F0 solid; padding:0px 4px 0px 4px" class="hierarchy">1..1</td><td style="vertical-align: top; text-align : left; background-color: white; border: 0px #F0F0F0 solid; padding:0px 4px 0px 4px" class="hierarchy"><a href="http://hl7.org/fhir/STU3/references.html">Reference</a>(<a href="https://build.fhir.org/ig/HL7/US-Core//StructureDefinition-us-core-patient.html">US Core Patient Profile</a>)</td><td style="vertical-align: top; text-align : left; background-color: white; border: 0px #F0F0F0 solid; padding:0px 4px 0px 4px" class="hierarchy"/></tr>
<tr style="border: 0px #F0F0F0 solid; padding:0px; vertical-align: top; background-color: white;"><td style="vertical-align: top; text-align : left; background-color: white; border: 0px #F0F0F0 solid; padding:0px 4px 0px 4px; white-space: nowrap; background-image: url(tbl_bck10.png)" class="hierarchy"><img src="tbl_spacer.png" alt="." style="background-color: inherit" class="hierarchy"/><img src="tbl_vjoin.png" alt="." style="background-color: inherit" class="hierarchy"/><img src="icon_reference.png" alt="." style="background-color: white; background-color: inherit" title="Reference to another Resource" class="hierarchy"/> <a href="StructureDefinition-argo-diagnosticreport-definitions.html#DiagnosticReport.context" title="null">context</a><a name="DiagnosticReport.context"> </a></td><td style="vertical-align: top; text-align : left; background-color: white; border: 0px #F0F0F0 solid; padding:0px 4px 0px 4px" class="hierarchy"><span style="padding-left: 3px; padding-right: 3px; color: white; background-color: red" title="This element must be supported">S</span></td><td style="vertical-align: top; text-align : left; background-color: white; border: 0px #F0F0F0 solid; padding:0px 4px 0px 4px" class="hierarchy"><span style="opacity: 0.4">0</span><span style="opacity: 0.5">..</span><span style="opacity: 0.4">1</span></td><td style="vertical-align: top; text-align : left; background-color: white; border: 0px #F0F0F0 solid; padding:0px 4px 0px 4px" class="hierarchy"><a href="http://hl7.org/fhir/STU3/references.html">Reference</a>(<a href="https://build.fhir.org/ig/HL7/US-Core//StructureDefinition-us-core-encounter.html">US Core Encounter Profile</a>)</td><td style="vertical-align: top; text-align : left; background-color: white; border: 0px #F0F0F0 solid; padding:0px 4px 0px 4px" class="hierarchy"/></tr>
<tr style="border: 0px #F0F0F0 solid; padding:0px; vertical-align: top; background-color: white;"><td style="vertical-align: top; text-align : left; background-color: white; border: 0px #F0F0F0 solid; padding:0px 4px 0px 4px; white-space: nowrap; background-image: url(tbl_bck10.png)" class="hierarchy"><img src="tbl_spacer.png" alt="." style="background-color: inherit" class="hierarchy"/><img src="tbl_vjoin.png" alt="." style="background-color: inherit" class="hierarchy"/><img src="icon_choice.gif" alt="." style="background-color: white; background-color: inherit" title="Choice of Types" class="hierarchy"/> <a href="StructureDefinition-argo-diagnosticreport-definitions.html#DiagnosticReport.effective[x]" title="This is the Datetime or Period when the report or note was written.">effective[x]</a><a name="DiagnosticReport.effective_x_"> </a></td><td style="vertical-align: top; text-align : left; background-color: white; border: 0px #F0F0F0 solid; padding:0px 4px 0px 4px" class="hierarchy"><span style="padding-left: 3px; padding-right: 3px; color: white; background-color: red" title="This element must be supported">S</span></td><td style="vertical-align: top; text-align : left; background-color: white; border: 0px #F0F0F0 solid; padding:0px 4px 0px 4px" class="hierarchy">1..1</td><td style="vertical-align: top; text-align : left; background-color: white; border: 0px #F0F0F0 solid; padding:0px 4px 0px 4px" class="hierarchy"><a style="opacity: 0.4" href="http://hl7.org/fhir/STU3/datatypes.html#dateTime">dateTime</a><span style="opacity: 0.4">, </span><a style="opacity: 0.4" href="http://hl7.org/fhir/STU3/datatypes.html#Period">Period</a></td><td style="vertical-align: top; text-align : left; background-color: white; border: 0px #F0F0F0 solid; padding:0px 4px 0px 4px" class="hierarchy">Time of the report or note</td></tr>
<tr style="border: 0px #F0F0F0 solid; padding:0px; vertical-align: top; background-color: white;"><td style="vertical-align: top; text-align : left; background-color: white; border: 0px #F0F0F0 solid; padding:0px 4px 0px 4px; white-space: nowrap; background-image: url(tbl_bck10.png)" class="hierarchy"><img src="tbl_spacer.png" alt="." style="background-color: inherit" class="hierarchy"/><img src="tbl_vjoin.png" alt="." style="background-color: inherit" class="hierarchy"/><img src="icon_primitive.png" alt="." style="background-color: white; background-color: inherit" title="Primitive Data Type" class="hierarchy"/> <a href="StructureDefinition-argo-diagnosticreport-definitions.html#DiagnosticReport.issued" title="null">issued</a><a name="DiagnosticReport.issued"> </a></td><td style="vertical-align: top; text-align : left; background-color: white; border: 0px #F0F0F0 solid; padding:0px 4px 0px 4px" class="hierarchy"><span style="padding-left: 3px; padding-right: 3px; color: white; background-color: red" title="This element must be supported">S</span></td><td style="vertical-align: top; text-align : left; background-color: white; border: 0px #F0F0F0 solid; padding:0px 4px 0px 4px" class="hierarchy"><span style="opacity: 0.4">0</span><span style="opacity: 0.5">..</span><span style="opacity: 0.4">1</span></td><td style="vertical-align: top; text-align : left; background-color: white; border: 0px #F0F0F0 solid; padding:0px 4px 0px 4px" class="hierarchy"><a style="opacity: 0.4" href="http://hl7.org/fhir/STU3/datatypes.html#instant">instant</a></td><td style="vertical-align: top; text-align : left; background-color: white; border: 0px #F0F0F0 solid; padding:0px 4px 0px 4px" class="hierarchy"/></tr>
<tr style="border: 0px #F0F0F0 solid; padding:0px; vertical-align: top; background-color: white;"><td style="vertical-align: top; text-align : left; background-color: white; border: 0px #F0F0F0 solid; padding:0px 4px 0px 4px; white-space: nowrap; background-image: url(tbl_bck11.png)" class="hierarchy"><img src="tbl_spacer.png" alt="." style="background-color: inherit" class="hierarchy"/><img src="tbl_vjoin.png" alt="." style="background-color: inherit" class="hierarchy"/><img src="icon_element.gif" alt="." style="background-color: white; background-color: inherit" title="Element" class="hierarchy"/> <a href="StructureDefinition-argo-diagnosticreport-definitions.html#DiagnosticReport.performer" title="null">performer</a><a name="DiagnosticReport.performer"> </a></td><td style="vertical-align: top; text-align : left; background-color: white; border: 0px #F0F0F0 solid; padding:0px 4px 0px 4px" class="hierarchy"><span style="padding-left: 3px; padding-right: 3px; color: white; background-color: red" title="This element must be supported">S</span></td><td style="vertical-align: top; text-align : left; background-color: white; border: 0px #F0F0F0 solid; padding:0px 4px 0px 4px" class="hierarchy"><span style="opacity: 0.4">0</span><span style="opacity: 0.5">..</span><span style="opacity: 0.4">*</span></td><td style="vertical-align: top; text-align : left; background-color: white; border: 0px #F0F0F0 solid; padding:0px 4px 0px 4px" class="hierarchy"><a style="opacity: 0.4" href="http://hl7.org/fhir/STU3/datatypes.html#BackboneElement">BackboneElement</a></td><td style="vertical-align: top; text-align : left; background-color: white; border: 0px #F0F0F0 solid; padding:0px 4px 0px 4px" class="hierarchy"/></tr>
<tr style="border: 0px #F0F0F0 solid; padding:0px; vertical-align: top; background-color: white;"><td style="vertical-align: top; text-align : left; background-color: white; border: 0px #F0F0F0 solid; padding:0px 4px 0px 4px; white-space: nowrap; background-image: url(tbl_bck100.png)" class="hierarchy"><img src="tbl_spacer.png" alt="." style="background-color: inherit" class="hierarchy"/><img src="tbl_vline.png" alt="." style="background-color: inherit" class="hierarchy"/><img src="tbl_vjoin_end.png" alt="." style="background-color: inherit" class="hierarchy"/><img src="icon_reference.png" alt="." style="background-color: white; background-color: inherit" title="Reference to another Resource" class="hierarchy"/> <a href="StructureDefinition-argo-diagnosticreport-definitions.html#DiagnosticReport.performer.actor" title="null">actor</a><a name="DiagnosticReport.performer.actor"> </a></td><td style="vertical-align: top; text-align : left; background-color: white; border: 0px #F0F0F0 solid; padding:0px 4px 0px 4px" class="hierarchy"><span style="padding-left: 3px; padding-right: 3px; color: white; background-color: red" title="This element must be supported">S</span></td><td style="vertical-align: top; text-align : left; background-color: white; border: 0px #F0F0F0 solid; padding:0px 4px 0px 4px" class="hierarchy"><span style="opacity: 0.4">1</span><span style="opacity: 0.5">..</span><span style="opacity: 0.4">1</span></td><td style="vertical-align: top; text-align : left; background-color: white; border: 0px #F0F0F0 solid; padding:0px 4px 0px 4px" class="hierarchy"><a href="http://hl7.org/fhir/STU3/references.html">Reference</a>(<a href="https://build.fhir.org/ig/HL7/US-Core//StructureDefinition-us-core-practitioner.html">US Core Practitioner</a> | <a href="https://build.fhir.org/ig/HL7/US-Core//StructureDefinition-us-core-organization.html">US Core Organization Profile</a>)</td><td style="vertical-align: top; text-align : left; background-color: white; border: 0px #F0F0F0 solid; padding:0px 4px 0px 4px" class="hierarchy"/></tr>
<tr style="border: 0px #F0F0F0 solid; padding:0px; vertical-align: top; background-color: white;"><td style="vertical-align: top; text-align : left; background-color: white; border: 0px #F0F0F0 solid; padding:0px 4px 0px 4px; white-space: nowrap; background-image: url(tbl_bck10.png)" class="hierarchy"><img src="tbl_spacer.png" alt="." style="background-color: inherit" class="hierarchy"/><img src="tbl_vjoin.png" alt="." style="background-color: inherit" class="hierarchy"/><img src="icon_element.gif" alt="." style="background-color: white; background-color: inherit" title="Element" class="hierarchy"/> <a href="StructureDefinition-argo-diagnosticreport-definitions.html#DiagnosticReport.image" title="null">image</a><a name="DiagnosticReport.image"> </a></td><td style="vertical-align: top; text-align : left; background-color: white; border: 0px #F0F0F0 solid; padding:0px 4px 0px 4px" class="hierarchy"><span style="padding-left: 3px; padding-right: 3px; color: white; background-color: red" title="This element must be supported">S</span></td><td style="vertical-align: top; text-align : left; background-color: white; border: 0px #F0F0F0 solid; padding:0px 4px 0px 4px" class="hierarchy"><span style="opacity: 0.4">0</span><span style="opacity: 0.5">..</span><span style="opacity: 0.4">*</span></td><td style="vertical-align: top; text-align : left; background-color: white; border: 0px #F0F0F0 solid; padding:0px 4px 0px 4px" class="hierarchy"><a style="opacity: 0.4" href="http://hl7.org/fhir/STU3/datatypes.html#BackboneElement">BackboneElement</a></td><td style="vertical-align: top; text-align : left; background-color: white; border: 0px #F0F0F0 solid; padding:0px 4px 0px 4px" class="hierarchy"/></tr>
<tr style="border: 0px #F0F0F0 solid; padding:0px; vertical-align: top; background-color: white;"><td style="vertical-align: top; text-align : left; background-color: white; border: 0px #F0F0F0 solid; padding:0px 4px 0px 4px; white-space: nowrap; background-image: url(tbl_bck00.png)" class="hierarchy"><img src="tbl_spacer.png" alt="." style="background-color: inherit" class="hierarchy"/><img src="tbl_vjoin_end.png" alt="." style="background-color: inherit" class="hierarchy"/><img src="icon_datatype.gif" alt="." style="background-color: white; background-color: inherit" title="Data Type" class="hierarchy"/> <a href="StructureDefinition-argo-diagnosticreport-definitions.html#DiagnosticReport.presentedForm" title="null">presentedForm</a><a name="DiagnosticReport.presentedForm"> </a></td><td style="vertical-align: top; text-align : left; background-color: white; border: 0px #F0F0F0 solid; padding:0px 4px 0px 4px" class="hierarchy"><span style="padding-left: 3px; padding-right: 3px; color: white; background-color: red" title="This element must be supported">S</span></td><td style="vertical-align: top; text-align : left; background-color: white; border: 0px #F0F0F0 solid; padding:0px 4px 0px 4px" class="hierarchy"><span style="opacity: 0.4">0</span><span style="opacity: 0.5">..</span><span style="opacity: 0.4">*</span></td><td style="vertical-align: top; text-align : left; background-color: white; border: 0px #F0F0F0 solid; padding:0px 4px 0px 4px" class="hierarchy"><a style="opacity: 0.4" href="http://hl7.org/fhir/STU3/datatypes.html#Attachment">Attachment</a></td><td style="vertical-align: top; text-align : left; background-color: white; border: 0px #F0F0F0 solid; padding:0px 4px 0px 4px" class="hierarchy"/></tr>
<tr><td colspan="5" class="hierarchy"><br/><a href="http://hl7.org/fhir/STU3/formats.html#table" title="Legend for this format"><img src="http://hl7.org/fhir/STU3/help16.png" alt="doco" style="background-color: inherit"/> Documentation for this format</a></td></tr></table></div></text><url value="http://fhir.org/guides/argonaut-clinicalnotes/StructureDefinition/argo-diagnosticreport"/><version value="0.0.0"/><name value="Argonaut Imaging Reports"/><status value="active"/><date value="2018-04-10T06:48:14-07:00"/><fhirVersion value="3.0.1"/><mapping><identity value="workflow"/><uri value="http://hl7.org/fhir/workflow"/><name value="Workflow Mapping"/></mapping><mapping><identity value="v2"/><uri value="http://hl7.org/v2"/><name value="HL7 v2 Mapping"/></mapping><mapping><identity value="rim"/><uri value="http://hl7.org/v3"/><name value="RIM Mapping"/></mapping><mapping><identity value="w5"/><uri value="http://hl7.org/fhir/w5"/><name value="W5 Mapping"/></mapping><kind value="resource"/><abstract value="false"/><type value="DiagnosticReport"/><baseDefinition value="http://hl7.org/fhir/StructureDefinition/DiagnosticReport"/><derivation value="constraint"/><snapshot><element id="DiagnosticReport"><path value="DiagnosticReport"/><short value="Argonaut Diagnostic Report Profile for Imaging"/><definition value="The US Core Diagnostic Report Profile is based upon the requirements of the Argonauts to exchang imaging reports."/><comment value="This is intended to capture a single report, and is not suitable for use in displaying summary information that covers multiple reports.  For example, this resource has not been designed for laboratory cumulative reporting formats nor detailed structured reports for sequencing."/><alias value="Report"/><alias value="Test"/><alias value="Result"/><alias value="Results"/><alias value="Labs"/><alias value="Laboratory"/><alias value="Imaging Report"/><alias value="Radiology Report"/><min value="0"/><max value="*"/><base><path value="DiagnosticReport"/><min value="0"/><max value="*"/></base><constraint><key value="dom-2"/><severity value="error"/><human value="If the resource is contained in another resource, it SHALL NOT contain nested Resources"/><expression value="contained.contained.empty()"/><xpath value="not(parent::f:contained and f:contained)"/><source value="DomainResource"/></constraint><constraint><key value="dom-1"/><severity value="error"/><human value="If the resource is contained in another resource, it SHALL NOT contain any narrative"/><expression value="contained.text.empty()"/><xpath value="not(parent::f:contained and f:text)"/><source value="DomainResource"/></constraint><constraint><key value="dom-4"/><severity value="error"/><human value="If a resource is contained in another resource, it SHALL NOT have a meta.versionId or a meta.lastUpdated"/><expression value="contained.meta.versionId.empty() and contained.meta.lastUpdated.empty()"/><xpath value="not(exists(f:contained/*/f:meta/f:versionId)) and not(exists(f:contained/*/f:meta/f:lastUpdated))"/><source value="DomainResource"/></constraint><constraint><key value="dom-3"/><severity value="error"/><human value="If the resource is contained in another resource, it SHALL be referred to from elsewhere in the resource"/><expression value="contained.where((&#39;#&#39;+id in %resource.descendants().reference).not()).empty()"/><xpath value="not(exists(for $id in f:contained/*/@id return $id[not(ancestor::f:contained/parent::*/descendant::f:reference/@value=concat(&#39;#&#39;, $id))]))"/><source value="DomainResource"/></constraint><mustSupport value="false"/><mapping><identity value="rim"/><map value="Entity. Role, or Act"/></mapping><mapping><identity value="workflow"/><map value="Event"/></mapping><mapping><identity value="v2"/><map value="ORU -&gt; OBR"/></mapping><mapping><identity value="rim"/><map value="Observation[classCode=OBS, moodCode=EVN]"/></mapping><mapping><identity value="w5"/><map value="clinical.diagnostics"/></mapping><mapping><identity value="argonaut-dq-dstu2"/><map value="DiagnosticReport"/></mapping></element><element id="DiagnosticReport.id"><path value="DiagnosticReport.id"/><short value="Logical id of this artifact"/><definition value="The logical id of the resource, as used in the URL for the resource. Once assigned, this value never changes."/><comment value="The only time that a resource does not have an id is when it is being submitted to the server using a create operation."/><min value="0"/><max value="1"/><base><path value="Resource.id"/><min value="0"/><max value="1"/></base><type><code value="id"/></type><isSummary value="true"/></element><element id="DiagnosticReport.meta"><path value="DiagnosticReport.meta"/><short value="Metadata about the resource"/><definition value="The metadata about the resource. This is content that is maintained by the infrastructure. Changes to the content may not always be associated with version changes to the resource."/><min value="0"/><max value="1"/><base><path value="Resource.meta"/><min value="0"/><max value="1"/></base><type><code value="Meta"/></type><isSummary value="true"/></element><element id="DiagnosticReport.implicitRules"><path value="DiagnosticReport.implicitRules"/><short value="A set of rules under which this content was created"/><definition value="A reference to a set of rules that were followed when the resource was constructed, and which must be understood when processing the content."/><comment value="Asserting this rule set restricts the content to be only understood by a limited set of trading partners. This inherently limits the usefulness of the data in the long term. However, the existing health eco-system is highly fractured, and not yet ready to define, collect, and exchange data in a generally computable sense. Wherever possible, implementers and/or specification writers should avoid using this element. &#xA;&#xA;This element is labelled as a modifier because the implicit rules may provide additional knowledge about the resource that modifies it&#39;s meaning or interpretation."/><min value="0"/><max value="1"/><base><path value="Resource.implicitRules"/><min value="0"/><max value="1"/></base><type><code value="uri"/></type><isModifier value="true"/><isSummary value="true"/></element><element id="DiagnosticReport.language"><path value="DiagnosticReport.language"/><short value="Language of the resource content"/><definition value="The base language in which the resource is written."/><comment value="Language is provided to support indexing and accessibility (typically, services such as text to speech use the language tag). The html language tag in the narrative applies  to the narrative. The language tag on the resource may be used to specify the language of other presentations generated from the data in the resource  Not all the content has to be in the base language. The Resource.language should not be assumed to apply to the narrative automatically. If a language is specified, it should it also be specified on the div element in the html (see rules in HTML5 for information about the relationship between xml:lang and the html lang attribute)."/><min value="0"/><max value="1"/><base><path value="Resource.language"/><min value="0"/><max value="1"/></base><type><code value="code"/></type><binding><extension url="http://hl7.org/fhir/StructureDefinition/elementdefinition-maxValueSet"><valueReference><reference value="http://hl7.org/fhir/ValueSet/all-languages"/></valueReference></extension><extension url="http://hl7.org/fhir/StructureDefinition/elementdefinition-bindingName"><valueString value="Language"/></extension><extension url="http://hl7.org/fhir/StructureDefinition/elementdefinition-isCommonBinding"><valueBoolean value="true"/></extension><strength value="extensible"/><description value="A human language."/><valueSetReference><reference value="http://hl7.org/fhir/ValueSet/languages"/></valueSetReference></binding></element><element id="DiagnosticReport.text"><path value="DiagnosticReport.text"/><short value="Text summary of the resource, for human interpretation"/><definition value="A human-readable narrative that contains a summary of the resource, and may be used to represent the content of the resource to a human. The narrative need not encode all the structured data, but is required to contain sufficient detail to make it &quot;clinically safe&quot; for a human to just read the narrative. Resource definitions may define what content should be represented in the narrative to ensure clinical safety."/><comment value="Contained resources do not have narrative. Resources that are not contained SHOULD have a narrative. In some cases, a resource may only have text with little or no additional discrete data (as long as all minOccurs=1 elements are satisfied).  This may be necessary for data from legacy systems where information is captured as a &quot;text blob&quot; or where text is additionally entered raw or narrated and encoded in formation is added later."/><alias value="narrative"/><alias value="html"/><alias value="xhtml"/><alias value="display"/><min value="0"/><max value="1"/><base><path value="DomainResource.text"/><min value="0"/><max value="1"/></base><type><code value="Narrative"/></type><condition value="dom-1"/><mapping><identity value="rim"/><map value="Act.text?"/></mapping></element><element id="DiagnosticReport.contained"><path value="DiagnosticReport.contained"/><short value="Contained, inline Resources"/><definition value="These resources do not have an independent existence apart from the resource that contains them - they cannot be identified independently, and nor can they have their own independent transaction scope."/><comment value="This should never be done when the content can be identified properly, as once identification is lost, it is extremely difficult (and context dependent) to restore it again."/><alias value="inline resources"/><alias value="anonymous resources"/><alias value="contained resources"/><min value="0"/><max value="*"/><base><path value="DomainResource.contained"/><min value="0"/><max value="*"/></base><type><code value="Resource"/></type><mapping><identity value="rim"/><map value="N/A"/></mapping></element><element id="DiagnosticReport.extension"><path value="DiagnosticReport.extension"/><short value="Additional Content defined by implementations"/><definition value="May be used to represent additional information that is not part of the basic definition of the resource. In order to make the use of extensions safe and manageable, there is a strict set of governance  applied to the definition and use of extensions. Though any implementer is allowed to define an extension, there is a set of requirements that SHALL be met as part of the definition of the extension."/><comment value="There can be no stigma associated with the use of extensions by any application, project, or standard - regardless of the institution or jurisdiction that uses or defines the extensions.  The use of extensions is what allows the FHIR specification to retain a core level of simplicity for everyone."/><alias value="extensions"/><alias value="user content"/><min value="0"/><max value="*"/><base><path value="DomainResource.extension"/><min value="0"/><max value="*"/></base><type><code value="Extension"/></type><mapping><identity value="rim"/><map value="N/A"/></mapping></element><element id="DiagnosticReport.modifierExtension"><path value="DiagnosticReport.modifierExtension"/><short value="Extensions that cannot be ignored"/><definition value="May be used to represent additional information that is not part of the basic definition of the resource, and that modifies the understanding of the element that contains it. Usually modifier elements provide negation or qualification. In order to make the use of extensions safe and manageable, there is a strict set of governance applied to the definition and use of extensions. Though any implementer is allowed to define an extension, there is a set of requirements that SHALL be met as part of the definition of the extension. Applications processing a resource are required to check for modifier extensions."/><comment value="There can be no stigma associated with the use of extensions by any application, project, or standard - regardless of the institution or jurisdiction that uses or defines the extensions.  The use of extensions is what allows the FHIR specification to retain a core level of simplicity for everyone."/><alias value="extensions"/><alias value="user content"/><min value="0"/><max value="*"/><base><path value="DomainResource.modifierExtension"/><min value="0"/><max value="*"/></base><type><code value="Extension"/></type><isModifier value="true"/><mapping><identity value="rim"/><map value="N/A"/></mapping></element><element id="DiagnosticReport.identifier"><path value="DiagnosticReport.identifier"/><short value="Business identifier for report"/><definition value="Identifiers assigned to this report by the performer or other systems."/><comment value="Usually assigned by the Information System of the diagnostic service provider (filler id)."/><requirements value="Need to know what identifier to use when making queries about this report from the source laboratory, and for linking to the report outside FHIR context."/><alias value="ReportID"/><alias value="Filler ID"/><alias value="Placer ID"/><min value="0"/><max value="*"/><base><path value="DiagnosticReport.identifier"/><min value="0"/><max value="*"/></base><type><code value="Identifier"/></type><isSummary value="true"/><mapping><identity value="workflow"/><map value="Event.identifier"/></mapping><mapping><identity value="v2"/><map value="OBR-51"/></mapping><mapping><identity value="rim"/><map value="id"/></mapping><mapping><identity value="w5"/><map value="id"/></mapping></element><element id="DiagnosticReport.basedOn"><path value="DiagnosticReport.basedOn"/><short value="What was requested"/><definition value="Details concerning a test or procedure requested."/><comment value="Note: Usually there is one test request for each result, however in some circumstances multiple test requests may be represented using a single test result resource. Note that there are also cases where one request leads to multiple reports."/><requirements value="This allows tracing of authorization for the report and tracking whether proposals/recommendations were acted upon."/><alias value="Request"/><min value="0"/><max value="*"/><base><path value="DiagnosticReport.basedOn"/><min value="0"/><max value="*"/></base><type><code value="Reference"/><targetProfile value="http://hl7.org/fhir/StructureDefinition/CarePlan"/></type><type><code value="Reference"/><targetProfile value="http://hl7.org/fhir/StructureDefinition/ImmunizationRecommendation"/></type><type><code value="Reference"/><targetProfile value="http://hl7.org/fhir/StructureDefinition/MedicationRequest"/></type><type><code value="Reference"/><targetProfile value="http://hl7.org/fhir/StructureDefinition/NutritionOrder"/></type><type><code value="Reference"/><targetProfile value="http://hl7.org/fhir/StructureDefinition/ProcedureRequest"/></type><type><code value="Reference"/><targetProfile value="http://hl7.org/fhir/StructureDefinition/ReferralRequest"/></type><mapping><identity value="workflow"/><map value="Event.basedOn"/></mapping><mapping><identity value="v2"/><map value="ORC? OBR-2/3?"/></mapping><mapping><identity value="rim"/><map value="outboundRelationship[typeCode=FLFS].target"/></mapping></element><element id="DiagnosticReport.status"><path value="DiagnosticReport.status"/><short value="registered | partial | preliminary | final +"/><definition value="The status of the diagnostic report as a whole."/><comment value="This is labeled as &quot;Is Modifier&quot; because applications need to take appropriate action if a report is withdrawn."/><requirements value="Diagnostic services routinely issue provisional/incomplete reports, and sometimes withdraw previously released reports."/><min value="1"/><max value="1"/><base><path value="DiagnosticReport.status"/><min value="1"/><max value="1"/></base><type><code value="code"/></type><constraint><key value="DiagnosticReport-1"/><severity value="error"/><human value="When DiagnosticReport.status is final/amended/corrected/appended, the presentedForm, conclusion or codedDiagnosis must be present"/><expression value="(DiagnosticReport.status = &#39;final&#39; or DiagnosticReport.status = &#39;amended&#39; or DiagnosticReport.status = &#39;corrected&#39; or DiagnosticReport.status = &#39;appended&#39;) implies (presentedForm.exists() or conclusion.exists() or codedDiagnosis.exists())"/></constraint><mustSupport value="true"/><isModifier value="true"/><isSummary value="true"/><binding><strength value="required"/><valueSetReference><reference value="http://hl7.org/fhir/ValueSet/diagnostic-report-status"/></valueSetReference></binding><mapping><identity value="workflow"/><map value="Event.status"/></mapping><mapping><identity value="v2"/><map value="OBR-25 (not 1:1 mapping)"/></mapping><mapping><identity value="rim"/><map value="statusCode  Note: final and amended are distinguished by whether observation is the subject of a ControlAct event of type &quot;revise&quot;"/></mapping><mapping><identity value="w5"/><map value="status"/></mapping><mapping><identity value="argonaut-dq-dstu2"/><map value="DiagnosticReport.status"/></mapping></element><element id="DiagnosticReport.category"><path value="DiagnosticReport.category"/><short value="Service category"/><definition value="A code that classifies the clinical discipline, department or diagnostic service that created the report (e.g. cardiology, biochemistry, hematology, MRI). This is used for searching, sorting and display purposes."/><comment value="The level of granularity is defined by the category concepts in the value set. More fine-grained filtering can be performed using the metadata and/or terminology hierarchy in DiagnosticReport.code."/><alias value="Department"/><alias value="Sub-department"/><alias value="Service"/><alias value="Discipline"/><alias value="service"/><alias value="discipline"/><min value="1"/><max value="1"/><base><path value="DiagnosticReport.category"/><min value="0"/><max value="1"/></base><type><code value="CodeableConcept"/></type><mustSupport value="true"/><isSummary value="true"/><binding><strength value="extensible"/><valueSetReference><reference value="http://fhir.org/guides/argonaut-clinicalnotes/ValueSet/diagnosticreport-category"/></valueSetReference></binding><mapping><identity value="v2"/><map value="OBR-24"/></mapping><mapping><identity value="rim"/><map value="inboundRelationship[typeCode=COMP].source[classCode=LIST, moodCode=EVN, code &lt; LabService].code"/></mapping><mapping><identity value="w5"/><map value="class"/></mapping><mapping><identity value="argonaut-dq-dstu2"/><map value="DiagnosticReport.category"/></mapping></element><element id="DiagnosticReport.code"><path value="DiagnosticReport.code"/><short value="US Core Report Code"/><definition value="The test, panel, report, or note that was ordered."/><comment value="UsageNote= The typical patterns for codes are:  1)  a LOINC code either as a  translation from a &quot;local&quot; code or as a primary code, or 2)  a local code only if no suitable LOINC exists,  or 3)  both the local and the LOINC translation.   Systems SHALL be capable of sending the local code if one exists."/><alias value="Type"/><min value="1"/><max value="1"/><base><path value="DiagnosticReport.code"/><min value="1"/><max value="1"/></base><type><code value="CodeableConcept"/></type><mustSupport value="true"/><isSummary value="true"/><binding><strength value="extensible"/><description value="LOINC codes"/><valueSetReference><reference value="http://hl7.org/fhir/ValueSet/report-codes"/></valueSetReference></binding><mapping><identity value="workflow"/><map value="Event.code"/></mapping><mapping><identity value="v2"/><map value="OBR-4 (HL7 v2 doesn&#39;t provide an easy way to indicate both the ordered test and the performed panel)"/></mapping><mapping><identity value="rim"/><map value="code"/></mapping><mapping><identity value="w5"/><map value="what"/></mapping><mapping><identity value="argonaut-dq-dstu2"/><map value="DiagnosticReport.code"/></mapping></element><element id="DiagnosticReport.subject"><path value="DiagnosticReport.subject"/><short value="The subject of the report - usually, but not always, the patient"/><definition value="The subject of the report. Usually, but not always, this is a patient. However diagnostic services also perform analyses on specimens collected from a variety of other sources."/><requirements value="SHALL know the subject context."/><alias value="Patient"/><min value="1"/><max value="1"/><base><path value="DiagnosticReport.subject"/><min value="0"/><max value="1"/></base><type><code value="Reference"/><targetProfile value="http://hl7.org/fhir/us/core/StructureDefinition/us-core-patient"/></type><mustSupport value="true"/><isSummary value="true"/><mapping><identity value="workflow"/><map value="Event.subject"/></mapping><mapping><identity value="v2"/><map value="PID-3 (no HL7 v2 mapping for Group or Device)"/></mapping><mapping><identity value="rim"/><map value="participation[typeCode=SBJ]"/></mapping><mapping><identity value="w5"/><map value="who.focus"/></mapping><mapping><identity value="argonaut-dq-dstu2"/><map value="DiagnosticReport.subject"/></mapping></element><element id="DiagnosticReport.context"><path value="DiagnosticReport.context"/><short value="Health care event when test ordered"/><definition value="The healthcare event  (e.g. a patient and healthcare provider interaction) which this DiagnosticReport per is about."/><comment value="This will typically be the encounter the event occurred within, but some events may be initiated prior to or after the official completion of an encounter or episode but still be tied to the context of the encounter or episode (e.g. pre-admission lab tests)."/><requirements value="Links the request to the Encounter context."/><alias value="Encounter"/><min value="0"/><max value="1"/><base><path value="DiagnosticReport.context"/><min value="0"/><max value="1"/></base><type><code value="Reference"/><targetProfile value="http://hl7.org/fhir/us/core/StructureDefinition/us-core-encounter"/></type><mustSupport value="true"/><isSummary value="true"/><mapping><identity value="workflow"/><map value="Event.context"/></mapping><mapping><identity value="v2"/><map value="PV1-19"/></mapping><mapping><identity value="rim"/><map value="inboundRelationship[typeCode=COMP].source[classCode=ENC, moodCode=EVN]"/></mapping><mapping><identity value="w5"/><map value="context"/></mapping></element><element id="DiagnosticReport.effective[x]"><path value="DiagnosticReport.effective[x]"/><short value="Time of the report or note"/><definition value="This is the Datetime or Period when the report or note was written."/><comment value="If the diagnostic procedure was performed on the patient, this is the time it was performed. If there are specimens, the diagnostically relevant time can be derived from the specimen collection times, but the specimen information is not always available, and the exact relationship between the specimens and the diagnostically relevant time is not always automatic."/><requirements value="Need to know where in the patient history to file/present this report."/><alias value="Observation time"/><alias value="Effective Time"/><alias value="Occurrence"/><min value="1"/><max value="1"/><base><path value="DiagnosticReport.effective[x]"/><min value="0"/><max value="1"/></base><type><code value="dateTime"/></type><type><code value="Period"/></type><mustSupport value="true"/><isSummary value="true"/><mapping><identity value="workflow"/><map value="Event.occurrence[x]"/></mapping><mapping><identity value="v2"/><map value="OBR-7"/></mapping><mapping><identity value="rim"/><map value="effectiveTime"/></mapping><mapping><identity value="w5"/><map value="when.done"/></mapping><mapping><identity value="argonaut-dq-dstu2"/><map value="DiagnosticReport.effective[x]"/></mapping></element><element id="DiagnosticReport.issued"><path value="DiagnosticReport.issued"/><short value="DateTime this version was released"/><definition value="The date and time that this version of the report was released from the source diagnostic service."/><comment value="May be different from the update time of the resource itself, because that is the status of the record (potentially a secondary copy), not the actual release time of the report."/><requirements value="Clinicians need to be able to check the date that the report was released."/><alias value="Date Created"/><alias value="Date published"/><alias value="Date Issued"/><min value="0"/><max value="1"/><base><path value="DiagnosticReport.issued"/><min value="0"/><max value="1"/></base><type><code value="instant"/></type><mustSupport value="true"/><isSummary value="true"/><mapping><identity value="v2"/><map value="OBR-22"/></mapping><mapping><identity value="rim"/><map value="participation[typeCode=VRF or AUT].time"/></mapping><mapping><identity value="w5"/><map value="when.recorded"/></mapping><mapping><identity value="argonaut-dq-dstu2"/><map value="DiagnosticReport.issued"/></mapping></element><element id="DiagnosticReport.performer"><path value="DiagnosticReport.performer"/><short value="Participants in producing the report"/><definition value="Indicates who or what participated in producing the report."/><alias value="Laboratory"/><alias value="Service"/><alias value="Practitioner"/><alias value="Department"/><alias value="Company"/><min value="0"/><max value="*"/><base><path value="DiagnosticReport.performer"/><min value="0"/><max value="*"/></base><type><code value="BackboneElement"/></type><constraint><key value="ele-1"/><severity value="error"/><human value="All FHIR elements must have a @value or children"/><expression value="hasValue() | (children().count() &gt; id.count())"/><xpath value="@value|f:*|h:div"/><source value="Element"/></constraint><mustSupport value="true"/><isSummary value="true"/><mapping><identity value="workflow"/><map value="Event.performer"/></mapping><mapping><identity value="v2"/><map value="PRT-8 (where this PRT-4-Participation = &quot;PO&quot;)"/></mapping><mapping><identity value="rim"/><map value=".participation[typeCode=PRF]"/></mapping><mapping><identity value="w5"/><map value="who.witness"/></mapping><mapping><identity value="argonaut-dq-dstu2"/><map value="NA (new element in STU3)"/></mapping></element><element id="DiagnosticReport.performer.id"><path value="DiagnosticReport.performer.id"/><representation value="xmlAttr"/><short value="xml:id (or equivalent in JSON)"/><definition value="unique id for the element within a resource (for internal references). This may be any string value that does not contain spaces."/><min value="0"/><max value="1"/><base><path value="Element.id"/><min value="0"/><max value="1"/></base><type><code value="string"/></type><mapping><identity value="rim"/><map value="n/a"/></mapping></element><element id="DiagnosticReport.performer.extension"><path value="DiagnosticReport.performer.extension"/><short value="Additional Content defined by implementations"/><definition value="May be used to represent additional information that is not part of the basic definition of the element. In order to make the use of extensions safe and manageable, there is a strict set of governance  applied to the definition and use of extensions. Though any implementer is allowed to define an extension, there is a set of requirements that SHALL be met as part of the definition of the extension."/><comment value="There can be no stigma associated with the use of extensions by any application, project, or standard - regardless of the institution or jurisdiction that uses or defines the extensions.  The use of extensions is what allows the FHIR specification to retain a core level of simplicity for everyone."/><alias value="extensions"/><alias value="user content"/><min value="0"/><max value="*"/><base><path value="Element.extension"/><min value="0"/><max value="*"/></base><type><code value="Extension"/></type><mapping><identity value="rim"/><map value="n/a"/></mapping></element><element id="DiagnosticReport.performer.modifierExtension"><path value="DiagnosticReport.performer.modifierExtension"/><short value="Extensions that cannot be ignored"/><definition value="May be used to represent additional information that is not part of the basic definition of the element, and that modifies the understanding of the element that contains it. Usually modifier elements provide negation or qualification. In order to make the use of extensions safe and manageable, there is a strict set of governance applied to the definition and use of extensions. Though any implementer is allowed to define an extension, there is a set of requirements that SHALL be met as part of the definition of the extension. Applications processing a resource are required to check for modifier extensions."/><comment value="There can be no stigma associated with the use of extensions by any application, project, or standard - regardless of the institution or jurisdiction that uses or defines the extensions.  The use of extensions is what allows the FHIR specification to retain a core level of simplicity for everyone."/><alias value="extensions"/><alias value="user content"/><alias value="modifiers"/><min value="0"/><max value="*"/><base><path value="BackboneElement.modifierExtension"/><min value="0"/><max value="*"/></base><type><code value="Extension"/></type><isModifier value="true"/><isSummary value="true"/><mapping><identity value="rim"/><map value="N/A"/></mapping></element><element id="DiagnosticReport.performer.role"><path value="DiagnosticReport.performer.role"/><short value="Type of performer"/><definition value="Describes the type of participation (e.g.  a responsible party, author, or verifier)."/><min value="0"/><max value="1"/><base><path value="DiagnosticReport.performer.role"/><min value="0"/><max value="1"/></base><type><code value="CodeableConcept"/></type><isSummary value="true"/><binding><extension url="http://hl7.org/fhir/StructureDefinition/elementdefinition-bindingName"><valueString value="Role"/></extension><strength value="example"/><description value="Indicate a role of diagnostic report performer"/><valueSetReference><reference value="http://hl7.org/fhir/ValueSet/performer-role"/></valueSetReference></binding><mapping><identity value="workflow"/><map value="Event.performer.role"/></mapping><mapping><identity value="v2"/><map value="PRT-8 (where this PRT-4-Participation = &quot;PO&quot;)"/></mapping><mapping><identity value="rim"/><map value=".functionCode"/></mapping></element><element id="DiagnosticReport.performer.actor"><path value="DiagnosticReport.performer.actor"/><short value="Practitioner or Organization  participant"/><definition value="The reference to the  practitioner or organization involved in producing the report. For example, the diagnostic service that is responsible for issuing the report."/><comment value="This is not necessarily the source of the atomic data items. It is the entity that takes responsibility for the clinical report."/><requirements value="Need to know whom to contact if there are queries about the results. Also may need to track the source of reports for secondary data analysis."/><min value="1"/><max value="1"/><base><path value="DiagnosticReport.performer.actor"/><min value="1"/><max value="1"/></base><type><code value="Reference"/><targetProfile value="http://hl7.org/fhir/us/core/StructureDefinition/us-core-practitioner"/></type><type><code value="Reference"/><targetProfile value="http://hl7.org/fhir/us/core/StructureDefinition/us-core-organization"/></type><mustSupport value="true"/><isSummary value="true"/><mapping><identity value="workflow"/><map value="Event.performer.actor"/></mapping><mapping><identity value="v2"/><map value="PRT-8 (where this PRT-4-Participation = &quot;PO&quot;)"/></mapping><mapping><identity value="rim"/><map value=".role"/></mapping><mapping><identity value="argonaut-dq-dstu2"/><map value="DiagnosticReport.performer"/></mapping></element><element id="DiagnosticReport.specimen"><path value="DiagnosticReport.specimen"/><short value="Specimens this report is based on"/><definition value="Details about the specimens on which this diagnostic report is based."/><comment value="If the specimen is sufficiently specified with a code in the test result name, then this additional data may be redundant. If there are multiple specimens, these may be represented per observation or group."/><requirements value="Need to be able to report information about the collected specimens on which the report is based."/><min value="0"/><max value="*"/><base><path value="DiagnosticReport.specimen"/><min value="0"/><max value="*"/></base><type><code value="Reference"/><targetProfile value="http://hl7.org/fhir/StructureDefinition/Specimen"/></type><mapping><identity value="v2"/><map value="SPM"/></mapping><mapping><identity value="rim"/><map value="participation[typeCode=SBJ]"/></mapping></element><element id="DiagnosticReport.result"><path value="DiagnosticReport.result"/><short value="Observations - simple, or complex nested groups"/><definition value="Observations that are part of this diagnostic report. Observations can be simple name/value pairs (e.g. &quot;atomic&quot; results), or they can be grouping observations that include references to other members of the group (e.g. &quot;panels&quot;)."/><requirements value="Need to support individual results, or report groups of results, where the result grouping is arbitrary, but meaningful. This structure is recursive - observations can contain observations."/><alias value="Data"/><alias value="Atomic Value"/><alias value="Result"/><alias value="Atomic result"/><alias value="Data"/><alias value="Test"/><alias value="Analyte"/><alias value="Battery"/><alias value="Organizer"/><min value="0"/><max value="*"/><base><path value="DiagnosticReport.result"/><min value="0"/><max value="*"/></base><type><code value="Reference"/><targetProfile value="http://hl7.org/fhir/StructureDefinition/Observation"/></type><mapping><identity value="v2"/><map value="OBXs"/></mapping><mapping><identity value="rim"/><map value="outboundRelationship[typeCode=COMP].target"/></mapping></element><element id="DiagnosticReport.imagingStudy"><path value="DiagnosticReport.imagingStudy"/><short value="Reference to full details of imaging associated with the diagnostic report"/><definition value="One or more links to full details of any imaging performed during the diagnostic investigation. Typically, this is imaging performed by DICOM enabled modalities, but this is not required. A fully enabled PACS viewer can use this information to provide views of the source images."/><comment value="ImagingStudy and ImageManifest and the image element are somewhat overlapping - typically, the list of image references in the image element will also be found in one of the imaging study resources. However each caters to different types of displays for different types of purposes. Neither, either, or both may be provided."/><min value="0"/><max value="*"/><base><path value="DiagnosticReport.imagingStudy"/><min value="0"/><max value="*"/></base><type><code value="Reference"/><targetProfile value="http://hl7.org/fhir/StructureDefinition/ImagingStudy"/></type><type><code value="Reference"/><targetProfile value="http://hl7.org/fhir/StructureDefinition/ImagingManifest"/></type><mapping><identity value="rim"/><map value="outboundRelationship[typeCode=COMP].target[classsCode=DGIMG, moodCode=EVN]"/></mapping></element><element id="DiagnosticReport.image"><path value="DiagnosticReport.image"/><short value="Key images associated with this report"/><definition value="A list of key images associated with this report. The images are generally created during the diagnostic process, and may be directly of the patient, or of treated specimens (i.e. slides of interest)."/><requirements value="Many diagnostic services include images in the report as part of their service."/><alias value="DICOM"/><alias value="Slides"/><alias value="Scans"/><min value="0"/><max value="*"/><base><path value="DiagnosticReport.image"/><min value="0"/><max value="*"/></base><type><code value="BackboneElement"/></type><constraint><key value="ele-1"/><severity value="error"/><human value="All FHIR elements must have a @value or children"/><expression value="hasValue() | (children().count() &gt; id.count())"/><xpath value="@value|f:*|h:div"/><source value="Element"/></constraint><mustSupport value="true"/><isSummary value="true"/><mapping><identity value="v2"/><map value="OBX?"/></mapping><mapping><identity value="rim"/><map value="outboundRelationship[typeCode=COMP].target"/></mapping><mapping><identity value="argonaut-dq-dstu2"/><map value="DiagnosticReport.image"/></mapping></element><element id="DiagnosticReport.image.id"><path value="DiagnosticReport.image.id"/><representation value="xmlAttr"/><short value="xml:id (or equivalent in JSON)"/><definition value="unique id for the element within a resource (for internal references). This may be any string value that does not contain spaces."/><min value="0"/><max value="1"/><base><path value="Element.id"/><min value="0"/><max value="1"/></base><type><code value="string"/></type><mapping><identity value="rim"/><map value="n/a"/></mapping></element><element id="DiagnosticReport.image.extension"><path value="DiagnosticReport.image.extension"/><short value="Additional Content defined by implementations"/><definition value="May be used to represent additional information that is not part of the basic definition of the element. In order to make the use of extensions safe and manageable, there is a strict set of governance  applied to the definition and use of extensions. Though any implementer is allowed to define an extension, there is a set of requirements that SHALL be met as part of the definition of the extension."/><comment value="There can be no stigma associated with the use of extensions by any application, project, or standard - regardless of the institution or jurisdiction that uses or defines the extensions.  The use of extensions is what allows the FHIR specification to retain a core level of simplicity for everyone."/><alias value="extensions"/><alias value="user content"/><min value="0"/><max value="*"/><base><path value="Element.extension"/><min value="0"/><max value="*"/></base><type><code value="Extension"/></type><mapping><identity value="rim"/><map value="n/a"/></mapping></element><element id="DiagnosticReport.image.modifierExtension"><path value="DiagnosticReport.image.modifierExtension"/><short value="Extensions that cannot be ignored"/><definition value="May be used to represent additional information that is not part of the basic definition of the element, and that modifies the understanding of the element that contains it. Usually modifier elements provide negation or qualification. In order to make the use of extensions safe and manageable, there is a strict set of governance applied to the definition and use of extensions. Though any implementer is allowed to define an extension, there is a set of requirements that SHALL be met as part of the definition of the extension. Applications processing a resource are required to check for modifier extensions."/><comment value="There can be no stigma associated with the use of extensions by any application, project, or standard - regardless of the institution or jurisdiction that uses or defines the extensions.  The use of extensions is what allows the FHIR specification to retain a core level of simplicity for everyone."/><alias value="extensions"/><alias value="user content"/><alias value="modifiers"/><min value="0"/><max value="*"/><base><path value="BackboneElement.modifierExtension"/><min value="0"/><max value="*"/></base><type><code value="Extension"/></type><isModifier value="true"/><isSummary value="true"/><mapping><identity value="rim"/><map value="N/A"/></mapping></element><element id="DiagnosticReport.image.comment"><path value="DiagnosticReport.image.comment"/><short value="Comment about the image (e.g. explanation)"/><definition value="A comment about the image. Typically, this is used to provide an explanation for why the image is included, or to draw the viewer&#39;s attention to important features."/><comment value="The comment should be displayed with the image. It would be common for the report to include additional discussion of the image contents in other sections such as the conclusion."/><requirements value="The provider of the report should make a comment about each image included in the report."/><min value="0"/><max value="1"/><base><path value="DiagnosticReport.image.comment"/><min value="0"/><max value="1"/></base><type><code value="string"/></type><mapping><identity value="rim"/><map value=".inboundRelationship[typeCode=COMP].source[classCode=OBS, moodCode=EVN, code=&quot;annotation&quot;].value"/></mapping></element><element id="DiagnosticReport.image.link"><path value="DiagnosticReport.image.link"/><short value="Reference to the image source"/><definition value="Reference to the image source."/><min value="1"/><max value="1"/><base><path value="DiagnosticReport.image.link"/><min value="1"/><max value="1"/></base><type><code value="Reference"/><targetProfile value="http://hl7.org/fhir/StructureDefinition/Media"/></type><isSummary value="true"/><mapping><identity value="rim"/><map value=".value.reference"/></mapping></element><element id="DiagnosticReport.conclusion"><path value="DiagnosticReport.conclusion"/><short value="Clinical Interpretation of test results"/><definition value="Concise and clinically contextualized impression / summary of the diagnostic report."/><requirements value="Need to be able to provide a conclusion that is not lost among the basic result data."/><alias value="Report"/><min value="0"/><max value="1"/><base><path value="DiagnosticReport.conclusion"/><min value="0"/><max value="1"/></base><type><code value="string"/></type><mapping><identity value="v2"/><map value="OBX"/></mapping><mapping><identity value="rim"/><map value="inboundRelationship[typeCode=&quot;SPRT&quot;].source[classCode=OBS, moodCode=EVN, code=LOINC:48767-8].value (type=ST)"/></mapping></element><element id="DiagnosticReport.codedDiagnosis"><path value="DiagnosticReport.codedDiagnosis"/><short value="Codes for the conclusion"/><definition value="Codes for the conclusion."/><min value="0"/><max value="*"/><base><path value="DiagnosticReport.codedDiagnosis"/><min value="0"/><max value="*"/></base><type><code value="CodeableConcept"/></type><binding><extension url="http://hl7.org/fhir/StructureDefinition/elementdefinition-bindingName"><valueString value="AdjunctDiagnosis"/></extension><strength value="example"/><description value="Diagnosis codes provided as adjuncts to the report."/><valueSetReference><reference value="http://hl7.org/fhir/ValueSet/clinical-findings"/></valueSetReference></binding><mapping><identity value="v2"/><map value="OBX"/></mapping><mapping><identity value="rim"/><map value="inboundRelationship[typeCode=SPRT].source[classCode=OBS, moodCode=EVN, code=LOINC:54531-9].value (type=CD)"/></mapping></element><element id="DiagnosticReport.presentedForm"><path value="DiagnosticReport.presentedForm"/><short value="Entire report as issued"/><definition value="Rich text representation of the entire result as issued by the diagnostic service. Multiple formats are allowed but they SHALL be semantically equivalent."/><comment value="&quot;application/pdf&quot; is recommended as the most reliable and interoperable in this context."/><requirements value="Gives laboratory the ability to provide its own fully formatted report for clinical fidelity."/><min value="0"/><max value="*"/><base><path value="DiagnosticReport.presentedForm"/><min value="0"/><max value="*"/></base><type><code value="Attachment"/></type><mustSupport value="true"/><mapping><identity value="v2"/><map value="OBX"/></mapping><mapping><identity value="rim"/><map value="text (type=ED)"/></mapping><mapping><identity value="argonaut-dq-dstu2"/><map value="DiagnosticReport.presentedForm"/></mapping></element></snapshot><differential><element id="DiagnosticReport"><path value="DiagnosticReport"/><short value="Argonaut Diagnostic Report Profile for Imaging"/><definition value="The US Core Diagnostic Report Profile is based upon the requirements of the Argonauts to exchang imaging reports."/><alias value="Imaging Report"/><alias value="Radiology Report"/><mustSupport value="false"/><isModifier value="false"/><mapping><identity value="argonaut-dq-dstu2"/><map value="DiagnosticReport"/></mapping></element><element id="DiagnosticReport.status"><path value="DiagnosticReport.status"/><min value="1"/><max value="1"/><type><code value="code"/></type><constraint><key value="DiagnosticReport-1"/><severity value="error"/><human value="When DiagnosticReport.status is final/amended/corrected/appended, the presentedForm, conclusion or codedDiagnosis must be present"/><expression value="(DiagnosticReport.status = &#39;final&#39; or DiagnosticReport.status = &#39;amended&#39; or DiagnosticReport.status = &#39;corrected&#39; or DiagnosticReport.status = &#39;appended&#39;) implies (presentedForm.exists() or conclusion.exists() or codedDiagnosis.exists())"/></constraint><mustSupport value="true"/><isModifier value="false"/><binding><strength value="required"/><valueSetReference><reference value="http://hl7.org/fhir/ValueSet/diagnostic-report-status"/></valueSetReference></binding><mapping><identity value="argonaut-dq-dstu2"/><map value="DiagnosticReport.status"/></mapping></element><element id="DiagnosticReport.category"><path value="DiagnosticReport.category"/><alias value="Department"/><alias value="Sub-department"/><alias value="service"/><alias value="discipline"/><min value="1"/><max value="1"/><type><code value="CodeableConcept"/></type><mustSupport value="true"/><isModifier value="false"/><binding><strength value="extensible"/><valueSetReference><reference value="http://fhir.org/guides/argonaut-clinicalnotes/ValueSet/diagnosticreport-category"/></valueSetReference></binding><mapping><identity value="argonaut-dq-dstu2"/><map value="DiagnosticReport.category"/></mapping></element><element id="DiagnosticReport.code"><path value="DiagnosticReport.code"/><short value="US Core Report Code"/><definition value="The test, panel, report, or note that was ordered."/><comment value="UsageNote= The typical patterns for codes are:  1)  a LOINC code either as a  translation from a &quot;local&quot; code or as a primary code, or 2)  a local code only if no suitable LOINC exists,  or 3)  both the local and the LOINC translation.   Systems SHALL be capable of sending the local code if one exists."/><min value="1"/><max value="1"/><type><code value="CodeableConcept"/></type><mustSupport value="true"/><isModifier value="false"/><binding><strength value="extensible"/><description value="LOINC codes"/><valueSetReference><reference value="http://hl7.org/fhir/ValueSet/report-codes"/></valueSetReference></binding><mapping><identity value="argonaut-dq-dstu2"/><map value="DiagnosticReport.code"/></mapping></element><element id="DiagnosticReport.subject"><path value="DiagnosticReport.subject"/><min value="1"/><max value="1"/><type><code value="Reference"/><targetProfile value="http://hl7.org/fhir/us/core/StructureDefinition/us-core-patient"/></type><mustSupport value="true"/><isModifier value="false"/><mapping><identity value="argonaut-dq-dstu2"/><map value="DiagnosticReport.subject"/></mapping></element><element id="DiagnosticReport.context"><path value="DiagnosticReport.context"/><min value="0"/><max value="1"/><type><code value="Reference"/><targetProfile value="http://hl7.org/fhir/us/core/StructureDefinition/us-core-encounter"/></type><mustSupport value="true"/><isModifier value="false"/></element><element id="DiagnosticReport.effective[x]"><path value="DiagnosticReport.effective[x]"/><short value="Time of the report or note"/><definition value="This is the Datetime or Period when the report or note was written."/><min value="1"/><max value="1"/><type><code value="dateTime"/></type><type><code value="Period"/></type><mustSupport value="true"/><isModifier value="false"/><mapping><identity value="argonaut-dq-dstu2"/><map value="DiagnosticReport.effective[x]"/></mapping></element><element id="DiagnosticReport.issued"><path value="DiagnosticReport.issued"/><min value="0"/><max value="1"/><type><code value="instant"/></type><mustSupport value="true"/><isModifier value="false"/><mapping><identity value="argonaut-dq-dstu2"/><map value="DiagnosticReport.issued"/></mapping></element><element id="DiagnosticReport.performer"><path value="DiagnosticReport.performer"/><min value="0"/><max value="*"/><mustSupport value="true"/><isModifier value="false"/><mapping><identity value="argonaut-dq-dstu2"/><map value="NA (new element in STU3)"/></mapping></element><element id="DiagnosticReport.performer.actor"><path value="DiagnosticReport.performer.actor"/><min value="1"/><max value="1"/><type><code value="Reference"/><targetProfile value="http://hl7.org/fhir/us/core/StructureDefinition/us-core-practitioner"/></type><type><code value="Reference"/><targetProfile value="http://hl7.org/fhir/us/core/StructureDefinition/us-core-organization"/></type><mustSupport value="true"/><isModifier value="false"/><mapping><identity value="argonaut-dq-dstu2"/><map value="DiagnosticReport.performer"/></mapping></element><element id="DiagnosticReport.image"><path value="DiagnosticReport.image"/><min value="0"/><max value="*"/><mustSupport value="true"/><isModifier value="false"/><mapping><identity value="argonaut-dq-dstu2"/><map value="DiagnosticReport.image"/></mapping></element><element id="DiagnosticReport.presentedForm"><path value="DiagnosticReport.presentedForm"/><min value="0"/><max value="*"/><type><code value="Attachment"/></type><mustSupport value="true"/><isModifier value="false"/><mapping><identity value="argonaut-dq-dstu2"/><map value="DiagnosticReport.presentedForm"/></mapping></element></differential></StructureDefinition>