<?xml version="1.0" encoding="UTF-8"?><ValueSet xmlns="http://hl7.org/fhir"><id value="blah-codes"/><text><status value="generated"/><div xmlns="http://www.w3.org/1999/xhtml"><h2>BlahCodes</h2><div><p>A bunch of example codes</p>
</div><p>This value set includes codes from the following code systems:</p><ul><li>Include all codes defined in <a href="CodeSystem-blah-codes.html"><code>http://www.fhir.org/guides/test3/CodeSystem/blah-codes</code></a></li></ul></div></text><url value="http://www.fhir.org/guides/test3/ValueSet/blah-codes"/><version value="0.0.0"/><name value="BlahCodes"/><status value="draft"/><date value="2018-03-13T08:16:34-07:00"/><contact><telecom><system value="url"/></telecom><telecom><system value="email"/></telecom></contact><description value="A bunch of example codes"/><jurisdiction><coding><system value="urn:iso:std:iso:3166"/><code value="US"/><display value="United States of America"/></coding></jurisdiction><immutable value="true"/><compose><include><system value="http://www.fhir.org/guides/test3/CodeSystem/blah-codes"/></include></compose></ValueSet>