{
  "resourceType" : "Bundle",
  "id" : "d4eb6a86-1dfa-4481-ba35-b28dba68201e",
  "meta" : {
    "lastUpdated" : "2018-09-27T11:03:03.994-04:00"
  },
  "type" : "collection",
  "entry" : [{
    "resource" : {
      "resourceType" : "ValueSet",
      "text" : {
        "status" : "generated",
        "div" : "<div xmlns=\"http://www.w3.org/1999/xhtml\"><p>This value set contains 5 concepts</p><p>All codes from system <code>http://loinc.org</code></p><table class=\"codes\"><tr><td style=\"white-space:nowrap\"><b>Code</b></td><td><b>Display</b></td></tr><tr><td style=\"white-space:nowrap\"><a name=\"http---loinc.org-18842-5\"> </a><a href=\"http://details.loinc.org/LOINC/18842-5.html\">18842-5</a></td><td>Discharge summary</td></tr><tr><td style=\"white-space:nowrap\"><a name=\"http---loinc.org-11488-4\"> </a><a href=\"http://details.loinc.org/LOINC/11488-4.html\">11488-4</a></td><td>Consult note</td></tr><tr><td style=\"white-space:nowrap\"><a name=\"http---loinc.org-34117-2\"> </a><a href=\"http://details.loinc.org/LOINC/34117-2.html\">34117-2</a></td><td>History and physical note</td></tr><tr><td style=\"white-space:nowrap\"><a name=\"http---loinc.org-11506-3\"> </a><a href=\"http://details.loinc.org/LOINC/11506-3.html\">11506-3</a></td><td>Progress note</td></tr><tr><td style=\"white-space:nowrap\"><a name=\"http---loinc.org-28570-0\"> </a><a href=\"http://details.loinc.org/LOINC/28570-0.html\">28570-0</a></td><td>Procedure note</td></tr></table></div>"
      },
      "expansion" : {
        "identifier" : "urn:uuid:8a60a86f-e767-4904-8c18-7bcde26eb70b",
        "timestamp" : "2018-09-24T17:14:36.311Z",
        "parameter" : [{
          "name" : "limitedExpansion",
          "valueString" : "-1"
        },
        {
          "name" : "version",
          "valueString" : "http://loinc.org?version=2.64"
        }],
        "contains" : [{
          "system" : "http://loinc.org",
          "code" : "18842-5",
          "display" : "Discharge summary"
        },
        {
          "system" : "http://loinc.org",
          "code" : "11488-4",
          "display" : "Consult note"
        },
        {
          "system" : "http://loinc.org",
          "code" : "34117-2",
          "display" : "History and physical note"
        },
        {
          "system" : "http://loinc.org",
          "code" : "11506-3",
          "display" : "Progress note"
        },
        {
          "system" : "http://loinc.org",
          "code" : "28570-0",
          "display" : "Procedure note"
        }]
      }
    }
  },
  {
    "fullUrl" : "http://fhir.org/guides/argonaut-clinicalnotes/ValueSet/documentreference-category",
    "resource" : {
      "resourceType" : "ValueSet",
      "id" : "documentreference-category",
      "text" : {
        "status" : "generated",
        "div" : "<div xmlns=\"http://www.w3.org/1999/xhtml\"><p>This value set contains 2 concepts</p><p style=\"border: black 1px dotted; background-color: #EEEEEE; padding: 8px\">Expansion based on http://fhir.org/guides/argonaut-clinicalnotes/CodeSystem/documentreference-category version 0.0.0</p><p>All codes from system <a href=\"CodeSystem-documentreference-category.html\"><code>http://fhir.org/guides/argonaut-clinicalnotes/CodeSystem/documentreference-category</code></a></p><table class=\"codes\"><tr><td style=\"white-space:nowrap\"><b>Code</b></td><td><b>Display</b></td><td><b>Definition</b></td></tr><tr><td style=\"white-space:nowrap\"><a name=\"http---fhir.org-guides-argonaut-clinicalnotes-CodeSystem-documentreference-category-cinical-note\"> </a><a href=\"CodeSystem-documentreference-category.html#documentreference-category-cinical-note\">cinical-note</a></td><td>Clinical Note</td><td>Part of a medical record where healthcare professionals record details to document a patient's clinical status or achievements during the course of a hospitalization or over the course of outpatient care ( [Wikipedia](https://en.wikipedia.org/wiki/Progress_note))</td></tr><tr><td style=\"white-space:nowrap\"><a name=\"http---fhir.org-guides-argonaut-clinicalnotes-CodeSystem-documentreference-category-other\"> </a><a href=\"CodeSystem-documentreference-category.html#documentreference-category-other\">other</a></td><td>Other</td><td>Indicates that the category is not covered by one of the pre-defined codes.</td></tr></table></div>"
      },
      "url" : "http://fhir.org/guides/argonaut-clinicalnotes/ValueSet/documentreference-category",
      "version" : "0.0.0",
      "name" : "Argonaut DocumentReference Category Codes",
      "title" : "Argonaut DocumentReferences Category Value Set",
      "status" : "draft",
      "date" : "2018-05-02T11:16:34-04:00",
      "description" : "The Argonaut DocumentReferences Type Value Set is a 'starter set' of categories supported for fetching and storing clinical notes.",
      "jurisdiction" : [{
        "coding" : [{
          "system" : "urn:iso:std:iso:3166",
          "code" : "US",
          "display" : "United States of America"
        }]
      }],
      "expansion" : {
        "identifier" : "urn:uuid:ddaee90f-a19e-4ec2-a16d-0900864f0497",
        "timestamp" : "2018-09-27T11:03:07-04:00",
        "total" : 2,
        "parameter" : [{
          "name" : "excludeNested",
          "valueBoolean" : false
        },
        {
          "name" : "version",
          "valueUri" : "http://fhir.org/guides/argonaut-clinicalnotes/CodeSystem/documentreference-category|0.0.0"
        }],
        "contains" : [{
          "system" : "http://fhir.org/guides/argonaut-clinicalnotes/CodeSystem/documentreference-category",
          "code" : "cinical-note",
          "display" : "Clinical Note"
        },
        {
          "system" : "http://fhir.org/guides/argonaut-clinicalnotes/CodeSystem/documentreference-category",
          "code" : "other",
          "display" : "Other"
        }]
      }
    }
  },
  {
    "resource" : {
      "resourceType" : "ValueSet",
      "text" : {
        "status" : "generated",
        "div" : "<div xmlns=\"http://www.w3.org/1999/xhtml\"><p>This value set contains 3 concepts</p><p>All codes from system <code>http://loinc.org</code></p><table class=\"codes\"><tr><td style=\"white-space:nowrap\"><b>Code</b></td><td><b>Display</b></td></tr><tr><td style=\"white-space:nowrap\"><a name=\"http---loinc.org-LP29684-5\"> </a><a href=\"http://details.loinc.org/LOINC/LP29684-5.html\">LP29684-5</a></td><td>Radiology</td></tr><tr><td style=\"white-space:nowrap\"><a name=\"http---loinc.org-LP29708-2\"> </a><a href=\"http://details.loinc.org/LOINC/LP29708-2.html\">LP29708-2</a></td><td>Cardiology</td></tr><tr><td style=\"white-space:nowrap\"><a name=\"http---loinc.org-LP7839-6\"> </a><a href=\"http://details.loinc.org/LOINC/LP7839-6.html\">LP7839-6</a></td><td>Pathology</td></tr></table></div>"
      },
      "expansion" : {
        "identifier" : "urn:uuid:c956be33-f9b8-460c-9ab2-b4206f2a7b02",
        "timestamp" : "2018-09-24T17:49:50.778Z",
        "parameter" : [{
          "name" : "limitedExpansion",
          "valueString" : "-1"
        },
        {
          "name" : "version",
          "valueString" : "http://loinc.org?version=2.64"
        }],
        "contains" : [{
          "system" : "http://loinc.org",
          "code" : "LP29684-5",
          "display" : "Radiology"
        },
        {
          "system" : "http://loinc.org",
          "code" : "LP29708-2",
          "display" : "Cardiology"
        },
        {
          "system" : "http://loinc.org",
          "code" : "LP7839-6",
          "display" : "Pathology"
        }]
      }
    }
  }]
}