{
  "resourceType": "Bundle",
  "id": "ea0c1aa2-a86a-4de5-81e3-fafafdbad49f",
  "meta": {
    "lastUpdated": "2018-04-19T17:03:11.157-07:00"
  },
  "type": "collection",
  "entry": [
    {
      "fullUrl": "http://www.fhir.org/guides/test3/ValueSet/blah-codes",
      "resource": {
        "resourceType": "ValueSet",
        "id": "blah-codes",
        "text": {
          "status": "generated",
          "div": "<div xmlns=\"http://www.w3.org/1999/xhtml\"><p>This value set contains 3 concepts</p><p style=\"border: black 1px dotted; background-color: #EEEEEE; padding: 8px\">Expansion based on http://www.fhir.org/guides/test3/CodeSystem/blah-codes version 0.0.0</p><p>All codes from system <a href=\"CodeSystem-blah-codes.html\"><code>http://www.fhir.org/guides/test3/CodeSystem/blah-codes</code></a></p><table class=\"codes\"><tr><td style=\"white-space:nowrap\"><b>Code</b></td><td><b>Display</b></td><td><b>Definition</b></td></tr><tr><td style=\"white-space:nowrap\"><a name=\"http---www.fhir.org-guides-test3-CodeSystem-blah-codes-blah\"> </a><a href=\"CodeSystem-blah-codes.html#blah-codes-blah\">blah</a></td><td>Blah</td><td>example code 1</td></tr><tr><td style=\"white-space:nowrap\"><a name=\"http---www.fhir.org-guides-test3-CodeSystem-blah-codes-foo\"> </a><a href=\"CodeSystem-blah-codes.html#blah-codes-foo\">foo</a></td><td>Foo</td><td>example code 2</td></tr><tr><td style=\"white-space:nowrap\"><a name=\"http---www.fhir.org-guides-test3-CodeSystem-blah-codes-bar\"> </a><a href=\"CodeSystem-blah-codes.html#blah-codes-bar\">bar</a></td><td>Bar</td><td>example code 3</td></tr></table></div>"
        },
        "url": "http://www.fhir.org/guides/test3/ValueSet/blah-codes",
        "version": "0.0.0",
        "name": "BlahCodes",
        "status": "draft",
        "date": "2018-03-13T08:16:34-07:00",
        "contact": [
          {
            "telecom": [
              {
                "system": "url"
              },
              {
                "system": "email"
              }
            ]
          }
        ],
        "description": "A bunch of example codes",
        "jurisdiction": [
          {
            "coding": [
              {
                "system": "urn:iso:std:iso:3166",
                "code": "US",
                "display": "United States of America"
              }
            ]
          }
        ],
        "immutable": true,
        "expansion": {
          "identifier": "urn:uuid:ff2ebea8-e75a-4efa-970c-409917c13280",
          "timestamp": "2018-04-19T17:01:59-07:00",
          "total": 3,
          "parameter": [
            {
              "name": "profile",
              "valueUri": "http://hl7.org/fhir/ExpansionProfile/dc8fd4bc-091a-424a-8a3b-6198ef146891"
            },
            {
              "name": "version",
              "valueUri": "http://www.fhir.org/guides/test3/CodeSystem/blah-codes|0.0.0"
            }
          ],
          "contains": [
            {
              "system": "http://www.fhir.org/guides/test3/CodeSystem/blah-codes",
              "code": "blah",
              "display": "Blah"
            },
            {
              "system": "http://www.fhir.org/guides/test3/CodeSystem/blah-codes",
              "code": "foo",
              "display": "Foo"
            },
            {
              "system": "http://www.fhir.org/guides/test3/CodeSystem/blah-codes",
              "code": "bar",
              "display": "Bar"
            }
          ]
        }
      }
    }
  ]
}