<?xml version="1.0" encoding="UTF-8"?>

<ImplementationGuide xmlns="http://hl7.org/fhir">
  <id value="ig"/>
  <text>
    <status value="generated"/><div xmlns="http://www.w3.org/1999/xhtml"><h2>Argonaut Clinical Notes</h2><p>The official URL for this implementation guide is: </p><pre>http://fhir.org/guides/argonaut-clinicalnotes/ImplementationGuide/ig</pre></div>
  </text>
  <url value="http://fhir.org/guides/argonaut-clinicalnotes/ImplementationGuide/ig"/>
  <name value="Argonaut Clinical Notes"/>
  <status value="draft"/>
  <experimental value="true"/>
  <publisher value="Argonaut Project"/>
  <package id="p1">
    <name value="base"/>
    <resource>
      <extension url="http://hl7.org/fhir/StructureDefinition/implementationguide-page">
        <valueUri value="StructureDefinition-cn-plus-uscore.html"/>
      </extension>
      <example value="false"/>
      <sourceReference>
        <reference value="StructureDefinition/cn-plus-uscore"/>
      </sourceReference>
    </resource>
    <resource>
      <extension url="http://hl7.org/fhir/StructureDefinition/implementationguide-page">
        <valueUri value="StructureDefinition-example-dr.html"/>
      </extension>
      <example value="false"/>
      <sourceReference>
        <reference value="StructureDefinition/example-dr"/>
      </sourceReference>
    </resource>
    <resource>
      <extension url="http://hl7.org/fhir/StructureDefinition/implementationguide-page">
        <valueUri value="StructureDefinition-argo-clinicalnotes.html"/>
      </extension>
      <example value="false"/>
      <sourceReference>
        <reference value="StructureDefinition/argo-clinicalnotes"/>
      </sourceReference>
    </resource>
    <resource>
      <extension url="http://hl7.org/fhir/StructureDefinition/implementationguide-page">
        <valueUri value="CapabilityStatement-server.html"/>
      </extension>
      <example value="false"/>
      <sourceReference>
        <reference value="CapabilityStatement/server"/>
      </sourceReference>
    </resource>
    <resource>
      <extension url="http://hl7.org/fhir/StructureDefinition/implementationguide-page">
        <valueUri value="CapabilityStatement-client.html"/>
      </extension>
      <example value="false"/>
      <sourceReference>
        <reference value="CapabilityStatement/client"/>
      </sourceReference>
    </resource>
  </package>
  <global>
    <type value="Practitioner"/>
    <profile>
      <reference value="StructureDefinition/us-core-practitioner"/>
    </profile>
  </global>
  <page>
    <source value="index.md"/>
    <title value="Argonaut Clinical Notes Homepage"/>
    <kind value="page"/>
    <page>
      <source value="_includes/toc.md"/>
      <title value="Argonaut Clinical Notes Table of Contents"/>
      <kind value="page"/>
    </page>
  </page>
</ImplementationGuide>