﻿{
  "openapi": "3.0.1",
  "info": {
    "description": "This resource defines the expected capabilities ",
    "license": {
      "name": "CC0-1.0"
    },
    "version": "0.0.0",
    "contact": {}
  },
  "externalDocs": {
    "url": "http://www.fhir.org/guides/test3/CapabilityStatement/server",
    "description": "FHIR CapabilityStatement"
  },
  "paths": {
    "/Basic": {
      "summary": "manage the collection of resources of type Basic",
      "description": "Access to services to manage the collection of all resources of type Basic",
      "get": {
        "summary": "Search all resources based on a set of criteria",
        "operationId": "searchBasic",
        "responses": {
          "default": {
            "description": "Error, with details",
            "content": {
              "application/fhir+json": {
                "schema": {
                  "$ref": "http://build.fhir.org/fhir.json.schema/definitions/OperationOutcome"
                }
              },
              "application/fhir+xml": {
                "schema": {
                  "$ref": "http://build.fhir.org/OperationOutcome.xsd"
                }
              }
            }
          },
          "200": {
            "description": "the resource being returned",
            "headers": {
              "ETag": {
                "description": "Version from Resource.meta.version as a weak ETag"
              }
            },
            "content": {
              "application/fhir+json": {
                "schema": {
                  "$ref": "http://build.fhir.org/fhir.json.schema/definitions/Bundle"
                }
              },
              "application/fhir+xml": {
                "schema": {
                  "$ref": "http://build.fhir.org/Bundle.xsd"
                }
              }
            }
          }
        }
      }
    },
    "/Basic/{rid}": {
      "summary": "Read/Write/etc resource instance of type Basic",
      "description": "Access to services to manage the state of a single resource of type Basic",
      "get": {
        "summary": "Read the current state of the resource",
        "operationId": "readBasic",
        "responses": {
          "default": {
            "description": "Error, with details",
            "content": {
              "application/fhir+json": {
                "schema": {
                  "$ref": "http://build.fhir.org/fhir.json.schema/definitions/OperationOutcome"
                }
              },
              "application/fhir+xml": {
                "schema": {
                  "$ref": "http://build.fhir.org/OperationOutcome.xsd"
                }
              }
            }
          },
          "200": {
            "description": "the resource being returned",
            "headers": {
              "ETag": {
                "description": "Version from Resource.meta.version as a weak ETag"
              }
            },
            "content": {
              "application/fhir+json": {
                "schema": {
                  "$ref": "http://build.fhir.org/fhir.json.schema/definitions/Basic"
                }
              },
              "application/fhir+xml": {
                "schema": {
                  "$ref": "http://build.fhir.org/Basic.xsd"
                }
              }
            }
          }
        }
      }
    },
    "/Basic/{rid}/_history/{hid}": {
      "summary": "Read past versions of resource instance of type Basic",
      "description": "Access to previous versions of a single resource of type Basic",
      "get": {
        "summary": "Read a past state of the resource",
        "operationId": "vreadBasic",
        "responses": {
          "default": {
            "description": "Error, with details",
            "content": {
              "application/fhir+json": {
                "schema": {
                  "$ref": "http://build.fhir.org/fhir.json.schema/definitions/OperationOutcome"
                }
              },
              "application/fhir+xml": {
                "schema": {
                  "$ref": "http://build.fhir.org/OperationOutcome.xsd"
                }
              }
            }
          },
          "200": {
            "description": "the resource being returned",
            "headers": {
              "ETag": {
                "description": "Version from Resource.meta.version as a weak ETag for that version"
              }
            },
            "content": {
              "application/fhir+json": {
                "schema": {
                  "$ref": "http://build.fhir.org/fhir.json.schema/definitions/Basic"
                }
              },
              "application/fhir+xml": {
                "schema": {
                  "$ref": "http://build.fhir.org/Basic.xsd"
                }
              }
            }
          }
        }
      }
    }
  }
}