{
  "resourceType": "ValueSet",
  "id": "dr-category",
  "text": {
    "status": "generated",
    "div": "<div xmlns=\"http://www.w3.org/1999/xhtml\"><h2>DRCategory</h2><div><p>The Argonaut DocumentReferences Type Value Set is a 'starter set' of categorie supported for fetching and storing clinical notes.</p>\n</div><p>This value set includes codes from the following code systems:</p><ul><li>Include all codes defined in <a href=\"CodeSystem-dr-category.html\"><code>http://fhir.org/guides/argonaut-clinicalnotes/CodeSystem/dr-category</code></a></li></ul></div>"
  },
  "url": "http://fhir.org/guides/argonaut-clinicalnotes/ValueSet/dr-category",
  "version": "0.0.0",
  "name": "DRCategory",
  "title": "Argonaut DocumentReferences Category Value Set",
  "status": "draft",
  "date": "2018-05-02T08:16:34-07:00",
  "description": "The Argonaut DocumentReferences Type Value Set is a 'starter set' of categorie supported for fetching and storing clinical notes.",
  "jurisdiction": [
    {
      "coding": [
        {
          "system": "urn:iso:std:iso:3166",
          "code": "US",
          "display": "United States of America"
        }
      ]
    }
  ],
  "compose": {
    "include": [
      {
        "system": "http://fhir.org/guides/argonaut-clinicalnotes/CodeSystem/dr-category"
      }
    ]
  }
}