{
  "resourceType": "ValueSet",
  "id": "blah-codes",
  "text": {
    "status": "generated",
    "div": "<div xmlns=\"http://www.w3.org/1999/xhtml\"><h2>BlahCodes</h2><div><p>A bunch of example codes</p>\n</div><p>This value set includes codes from the following code systems:</p><ul><li>Include all codes defined in <a href=\"CodeSystem-blah-codes.html\"><code>http://www.fhir.org/guides/test3/CodeSystem/blah-codes</code></a></li></ul></div>"
  },
  "url": "http://www.fhir.org/guides/test3/ValueSet/blah-codes",
  "version": "0.0.0",
  "name": "BlahCodes",
  "status": "draft",
  "date": "2018-03-13T08:16:34-07:00",
  "contact": [
    {
      "telecom": [
        {
          "system": "url"
        },
        {
          "system": "email"
        }
      ]
    }
  ],
  "description": "A bunch of example codes",
  "jurisdiction": [
    {
      "coding": [
        {
          "system": "urn:iso:std:iso:3166",
          "code": "US",
          "display": "United States of America"
        }
      ]
    }
  ],
  "immutable": true,
  "compose": {
    "include": [
      {
        "system": "http://www.fhir.org/guides/test3/CodeSystem/blah-codes"
      }
    ]
  }
}